time,city,PM2.5,PM10,O3,NO2,SO2,CO,temperature,humidity,wind_speed
2025-09-24T00:00:00Z,Toronto,26.6,44.1,0.0468,0.0405,0.0093,0.96,20.2,69.8,5.8
2025-09-24T00:00:00Z,New York,32.9,44.4,0.0713,0.0453,0.0113,1.25,23.7,53.2,5.6
2025-09-24T00:00:00Z,Los Angeles,48.5,65.1,0.0619,0.0414,0.0119,1.16,18.6,74.5,3.7
2025-09-24T00:00:00Z,Chicago,35.3,46.4,0.0542,0.0314,0.0061,1.05,19.6,59.6,4.3
2025-09-24T00:00:00Z,Mexico City,64.8,80.0,0.0989,0.0419,0.0049,0.91,23.2,66.3,4.0
2025-09-24T01:00:00Z,Toronto,35.3,36.2,0.051,0.038,0.0065,1.14,25.0,69.3,3.1
2025-09-24T01:00:00Z,New York,36.6,62.9,0.0519,0.0489,0.0108,1.14,22.4,67.2,4.0
2025-09-24T01:00:00Z,Los Angeles,51.8,56.4,0.0752,0.0377,0.0108,1.34,19.5,56.0,5.1
2025-09-24T01:00:00Z,Chicago,35.3,43.7,0.04,0.0418,0.0049,0.91,18.4,64.4,3.1
2025-09-24T01:00:00Z,Mexico City,56.9,89.8,0.079,0.0562,0.012,1.25,18.4,56.7,5.7
2025-09-24T02:00:00Z,Toronto,37.1,54.9,0.0503,0.0308,0.0065,1.4,22.5,45.3,3.8
2025-09-24T02:00:00Z,New York,41.6,49.3,0.0539,0.0437,0.0067,1.2,25.9,50.8,4.3
2025-09-24T02:00:00Z,Los Angeles,38.8,73.0,0.0868,0.0357,0.0042,1.3,20.7,69.8,3.3
2025-09-24T02:00:00Z,Chicago,33.3,43.0,0.0352,0.032,0.0076,1.24,20.9,51.1,2.5
2025-09-24T02:00:00Z,Mexico City,64.1,80.4,0.0794,0.0522,0.0113,1.14,19.3,51.0,3.9
2025-09-24T03:00:00Z,Toronto,25.5,43.6,0.0242,0.0364,0.0107,1.08,24.4,67.0,4.3
2025-09-24T03:00:00Z,New York,39.4,64.0,0.0458,0.0392,0.0115,1.08,23.2,65.9,5.9
2025-09-24T03:00:00Z,Los Angeles,39.5,67.1,0.0704,0.0366,0.0098,1.35,21.9,45.5,4.4
2025-09-24T03:00:00Z,Chicago,28.7,39.7,0.0356,0.0284,0.0085,1.24,23.2,69.2,3.4
2025-09-24T03:00:00Z,Mexico City,52.2,89.8,0.1135,0.0552,0.0087,1.39,21.0,54.9,3.9
2025-09-24T04:00:00Z,Toronto,37.2,50.5,0.038,0.0381,0.0056,1.31,22.6,55.6,4.8
2025-09-24T04:00:00Z,New York,38.6,59.7,0.0687,0.0425,0.0096,1.16,24.5,74.8,2.9
2025-09-24T04:00:00Z,Los Angeles,39.5,63.1,0.0754,0.0485,0.0071,0.93,24.6,61.5,3.0
2025-09-24T04:00:00Z,Chicago,30.4,52.9,0.0452,0.0251,0.0091,1.33,22.9,61.6,3.5
2025-09-24T04:00:00Z,Mexico City,50.8,68.4,0.1135,0.0433,0.0103,0.97,26.6,69.7,3.6
2025-09-24T05:00:00Z,Toronto,30.1,34.3,0.0268,0.039,0.0076,0.91,18.9,63.3,3.8
2025-09-24T05:00:00Z,New York,42.8,46.0,0.0445,0.04,0.0115,0.96,19.1,73.5,3.3
2025-09-24T05:00:00Z,Los Angeles,43.0,70.5,0.0934,0.0478,0.006,1.29,21.4,51.6,5.6
2025-09-24T05:00:00Z,Chicago,37.2,54.0,0.0639,0.0293,0.0061,0.86,26.4,68.4,5.3
2025-09-24T05:00:00Z,Mexico City,53.8,83.4,0.112,0.0435,0.0093,1.17,17.5,53.9,3.6
2025-09-24T06:00:00Z,Toronto,40.0,43.3,0.0614,0.0285,0.0058,1.3,26.4,46.6,5.6
2025-09-24T06:00:00Z,New York,45.3,55.8,0.0603,0.0373,0.0079,0.88,25.9,62.4,5.4
2025-09-24T06:00:00Z,Los Angeles,48.4,82.5,0.0723,0.0531,0.0059,1.4,19.9,46.5,3.3
2025-09-24T06:00:00Z,Chicago,35.6,57.3,0.062,0.0278,0.0107,1.19,22.3,55.4,3.3
2025-09-24T06:00:00Z,Mexico City,72.9,90.0,0.0802,0.0567,0.007,1.25,23.2,73.5,5.0
2025-09-24T07:00:00Z,Toronto,32.9,55.9,0.0408,0.0456,0.0061,1.46,21.1,55.0,3.7
2025-09-24T07:00:00Z,New York,50.6,64.1,0.0361,0.0572,0.0098,1.44,20.4,53.0,1.7
2025-09-24T07:00:00Z,Los Angeles,57.3,62.2,0.0888,0.0533,0.0101,1.49,27.4,47.3,2.4
2025-09-24T07:00:00Z,Chicago,34.7,52.8,0.0635,0.037,0.0091,1.62,19.4,73.1,5.4
2025-09-24T07:00:00Z,Mexico City,59.0,85.9,0.1048,0.0549,0.0048,1.57,18.7,70.3,1.8
2025-09-24T08:00:00Z,Toronto,38.0,46.0,0.0616,0.0453,0.0056,1.5,19.6,71.1,5.1
2025-09-24T08:00:00Z,New York,52.1,75.5,0.035,0.0557,0.0079,1.74,26.6,63.2,5.1
2025-09-24T08:00:00Z,Los Angeles,58.7,67.2,0.0708,0.0487,0.0099,1.69,23.9,55.4,4.9
2025-09-24T08:00:00Z,Chicago,34.9,63.9,0.0471,0.041,0.0054,1.4,26.9,65.4,4.6
2025-09-24T08:00:00Z,Mexico City,72.6,80.9,0.0841,0.0519,0.0059,1.61,23.1,48.1,1.7
2025-09-24T09:00:00Z,Toronto,41.8,66.6,0.0372,0.0462,0.0055,1.32,23.1,52.2,2.5
2025-09-24T09:00:00Z,New York,54.2,70.8,0.0458,0.0443,0.0106,1.51,20.0,63.1,6.4
2025-09-24T09:00:00Z,Los Angeles,55.6,79.9,0.0775,0.0599,0.0102,1.43,24.5,66.8,4.8
2025-09-24T09:00:00Z,Chicago,49.4,60.6,0.056,0.0376,0.0102,1.76,22.7,71.2,5.6
2025-09-24T09:00:00Z,Mexico City,59.2,91.2,0.1019,0.0685,0.01,1.44,25.6,68.0,3.8
2025-09-24T10:00:00Z,Toronto,36.3,49.4,0.0548,0.0394,0.0102,1.3,28.8,54.0,5.5
2025-09-24T10:00:00Z,New York,42.7,75.2,0.0942,0.0461,0.005,1.33,30.9,33.8,4.4
2025-09-24T10:00:00Z,Los Angeles,54.2,74.5,0.094,0.0428,0.0062,1.36,32.5,37.8,2.8
2025-09-24T10:00:00Z,Chicago,38.7,54.0,0.0659,0.0261,0.0105,1.02,33.0,39.6,3.7
2025-09-24T10:00:00Z,Mexico City,63.8,94.7,0.1163,0.0547,0.0108,1.43,28.9,31.2,3.1
2025-09-24T11:00:00Z,Toronto,37.4,65.7,0.051,0.0402,0.0117,0.99,30.7,43.8,4.6
2025-09-24T11:00:00Z,New York,47.7,64.8,0.0737,0.0325,0.0106,1.19,30.5,49.3,3.5
2025-09-24T11:00:00Z,Los Angeles,55.9,62.4,0.0918,0.0433,0.0069,0.87,28.2,50.1,4.8
2025-09-24T11:00:00Z,Chicago,43.9,57.1,0.0728,0.0426,0.0079,0.87,32.2,53.0,3.5
2025-09-24T11:00:00Z,Mexico City,66.9,97.2,0.1129,0.0459,0.0044,1.21,29.3,53.0,2.5
2025-09-24T12:00:00Z,Toronto,33.2,58.8,0.0537,0.0408,0.0103,1.07,30.6,45.2,5.3
2025-09-24T12:00:00Z,New York,54.9,66.3,0.0727,0.0315,0.0118,1.09,29.3,46.9,4.4
2025-09-24T12:00:00Z,Los Angeles,45.1,71.1,0.0953,0.0514,0.0107,1.1,32.1,50.8,2.6
2025-09-24T12:00:00Z,Chicago,39.9,51.9,0.0781,0.0419,0.0085,1.13,31.9,42.6,5.3
2025-09-24T12:00:00Z,Mexico City,65.1,81.0,0.1069,0.0417,0.0109,1.08,23.7,47.5,6.4
2025-09-24T13:00:00Z,Toronto,41.1,61.0,0.0824,0.0225,0.0064,1.04,31.4,45.3,3.2
2025-09-24T13:00:00Z,New York,40.8,66.8,0.0965,0.0329,0.0099,1.06,26.7,31.8,3.0
2025-09-24T13:00:00Z,Los Angeles,49.0,70.0,0.1123,0.0406,0.0076,1.17,26.2,30.6,6.0
2025-09-24T13:00:00Z,Chicago,35.3,64.6,0.056,0.0377,0.0099,1.27,25.4,26.5,5.5
2025-09-24T13:00:00Z,Mexico City,69.3,96.3,0.1138,0.05,0.0087,1.01,27.8,29.4,2.9
2025-09-24T14:00:00Z,Toronto,48.0,50.9,0.0595,0.0295,0.0115,1.42,28.8,35.5,4.9
2025-09-24T14:00:00Z,New York,45.6,58.6,0.0794,0.0299,0.0073,0.87,29.2,51.4,2.7
2025-09-24T14:00:00Z,Los Angeles,57.1,64.0,0.0909,0.047,0.0062,0.92,27.8,38.6,3.0
2025-09-24T14:00:00Z,Chicago,46.2,54.1,0.0851,0.0311,0.0108,1.22,27.9,31.8,3.8
2025-09-24T14:00:00Z,Mexico City,64.7,96.3,0.1047,0.0533,0.008,1.17,25.7,33.7,6.5
2025-09-24T15:00:00Z,Toronto,36.1,57.5,0.0472,0.0256,0.0053,1.18,29.7,36.0,2.2
2025-09-24T15:00:00Z,New York,46.4,70.2,0.0622,0.0394,0.0094,1.29,30.3,33.5,4.2
2025-09-24T15:00:00Z,Los Angeles,57.3,83.6,0.0887,0.0359,0.0058,1.17,27.6,48.3,6.4
2025-09-24T15:00:00Z,Chicago,49.1,48.1,0.0829,0.0273,0.0077,0.99,27.1,45.3,3.1
2025-09-24T15:00:00Z,Mexico City,65.6,83.7,0.1127,0.0562,0.005,1.36,24.6,31.3,5.9
2025-09-24T16:00:00Z,Toronto,35.0,54.8,0.0846,0.0409,0.0041,1.08,30.2,49.0,5.2
2025-09-24T16:00:00Z,New York,54.7,69.0,0.0647,0.0376,0.0092,1.14,24.5,36.5,5.1
2025-09-24T16:00:00Z,Los Angeles,51.1,65.3,0.0841,0.0398,0.0066,1.31,27.9,47.8,2.6
2025-09-24T16:00:00Z,Chicago,43.0,49.0,0.0757,0.0387,0.0048,0.94,23.9,37.0,5.5
2025-09-24T16:00:00Z,Mexico City,67.0,82.8,0.1147,0.0566,0.0092,0.95,27.3,36.8,5.3
2025-09-24T17:00:00Z,Toronto,37.3,62.9,0.0258,0.0427,0.0073,1.64,26.3,61.0,3.2
2025-09-24T17:00:00Z,New York,41.3,64.0,0.0462,0.0593,0.0072,1.57,21.2,74.1,2.8
2025-09-24T17:00:00Z,Los Angeles,51.4,80.0,0.0873,0.0529,0.004,1.29,23.8,54.9,5.4
2025-09-24T17:00:00Z,Chicago,42.7,68.4,0.0538,0.04,0.0059,1.37,20.9,74.4,2.2
2025-09-24T17:00:00Z,Mexico City,67.5,84.9,0.1011,0.0592,0.0111,1.56,20.6,50.4,4.9
2025-09-24T18:00:00Z,Toronto,41.0,45.8,0.0389,0.0436,0.0093,1.76,22.1,46.6,3.3
2025-09-24T18:00:00Z,New York,48.7,71.7,0.0487,0.0541,0.0111,1.58,26.6,72.4,3.6
2025-09-24T18:00:00Z,Los Angeles,52.5,70.5,0.0652,0.0559,0.0082,1.51,19.0,55.9,5.1
2025-09-24T18:00:00Z,Chicago,42.9,61.4,0.0658,0.0427,0.0081,1.23,21.2,49.1,4.5
2025-09-24T18:00:00Z,Mexico City,66.8,96.5,0.1021,0.0694,0.0106,1.31,23.1,64.1,3.0
2025-09-24T19:00:00Z,Toronto,37.0,52.1,0.0501,0.0383,0.0101,1.57,26.5,48.5,3.2
2025-09-24T19:00:00Z,New York,42.9,54.4,0.0483,0.0501,0.0092,1.3,20.6,62.7,5.2
2025-09-24T19:00:00Z,Los Angeles,54.9,73.7,0.0759,0.0537,0.0098,1.71,18.8,49.9,4.9
2025-09-24T19:00:00Z,Chicago,42.8,61.4,0.0555,0.0543,0.0088,1.72,25.1,59.8,4.5
2025-09-24T19:00:00Z,Mexico City,65.0,79.1,0.1126,0.0665,0.0115,1.74,24.8,68.9,3.2
2025-09-24T20:00:00Z,Toronto,42.1,66.3,0.0318,0.0341,0.0063,1.16,18.0,57.1,6.7
2025-09-24T20:00:00Z,New York,51.5,76.2,0.0576,0.0364,0.005,0.88,22.8,51.2,2.2
2025-09-24T20:00:00Z,Los Angeles,55.6,63.5,0.0894,0.0505,0.0061,1.1,25.9,74.6,4.5
2025-09-24T20:00:00Z,Chicago,35.9,46.6,0.0505,0.0398,0.0073,1.32,27.3,48.4,3.7
2025-09-24T20:00:00Z,Mexico City,71.5,97.9,0.1106,0.0436,0.0087,1.4,26.6,69.1,5.3
2025-09-24T21:00:00Z,Toronto,32.9,53.2,0.0319,0.0221,0.01,1.37,25.9,51.0,2.6
2025-09-24T21:00:00Z,New York,54.9,75.1,0.0702,0.0382,0.0048,1.09,26.7,67.2,5.6
2025-09-24T21:00:00Z,Los Angeles,48.4,83.1,0.0928,0.0417,0.0059,1.21,25.2,63.1,5.1
2025-09-24T21:00:00Z,Chicago,45.2,52.6,0.0445,0.0307,0.0078,1.41,26.1,74.3,3.2
2025-09-24T21:00:00Z,Mexico City,60.4,87.2,0.1119,0.0511,0.0064,1.2,19.0,61.0,3.8
2025-09-24T22:00:00Z,Toronto,38.3,45.8,0.0233,0.0378,0.0099,0.99,22.8,71.4,5.5
2025-09-24T22:00:00Z,New York,43.2,54.5,0.0681,0.0344,0.0118,1.42,19.3,55.1,2.4
2025-09-24T22:00:00Z,Los Angeles,46.4,78.1,0.0694,0.047,0.0061,0.91,24.7,64.1,2.8
2025-09-24T22:00:00Z,Chicago,40.5,63.5,0.0493,0.0367,0.0115,1.4,24.9,58.6,5.8
2025-09-24T22:00:00Z,Mexico City,71.4,97.6,0.1026,0.054,0.0061,1.31,24.6,51.9,3.8
2025-09-24T23:00:00Z,Toronto,27.1,48.1,0.0437,0.0228,0.0053,1.43,18.1,47.9,3.1
2025-09-24T23:00:00Z,New York,37.6,59.2,0.0583,0.0385,0.0044,1.01,18.4,73.5,4.0
2025-09-24T23:00:00Z,Los Angeles,39.4,60.6,0.095,0.0369,0.0109,0.89,26.5,70.3,4.1
2025-09-24T23:00:00Z,Chicago,34.8,50.9,0.0642,0.0323,0.0076,1.34,19.7,64.9,3.0
2025-09-24T23:00:00Z,Mexico City,60.6,83.7,0.0952,0.0553,0.0079,1.44,23.3,59.3,4.3
2025-09-25T00:00:00Z,Toronto,26.5,42.7,0.0473,0.0372,0.0053,1.03,19.4,61.3,3.4
2025-09-25T00:00:00Z,New York,39.3,59.7,0.0386,0.0323,0.0065,1.17,25.2,67.8,4.8
2025-09-25T00:00:00Z,Los Angeles,43.0,69.5,0.0959,0.0433,0.0073,1.17,20.3,61.8,5.4
2025-09-25T00:00:00Z,Chicago,28.4,42.6,0.0604,0.0432,0.0095,1.31,21.4,65.9,3.2
2025-09-25T00:00:00Z,Mexico City,58.3,74.5,0.1038,0.0453,0.0044,0.93,23.9,58.1,3.4
2025-09-25T01:00:00Z,Toronto,26.2,56.2,0.0444,0.0226,0.0102,1.31,20.4,51.2,2.8
2025-09-25T01:00:00Z,New York,34.7,66.3,0.0562,0.0445,0.0106,0.92,24.5,48.6,2.3
2025-09-25T01:00:00Z,Los Angeles,42.5,71.8,0.0666,0.0456,0.0117,0.89,26.7,60.5,3.1
2025-09-25T01:00:00Z,Chicago,37.1,37.1,0.0615,0.0332,0.0075,1.14,23.8,61.5,3.4
2025-09-25T01:00:00Z,Mexico City,58.2,72.2,0.1056,0.0443,0.0116,1.21,19.9,66.7,2.9
2025-09-25T02:00:00Z,Toronto,34.8,45.5,0.0445,0.0387,0.0091,1.32,26.4,47.3,4.1
2025-09-25T02:00:00Z,New York,39.5,66.7,0.0454,0.0347,0.0074,0.87,24.8,67.3,3.1
2025-09-25T02:00:00Z,Los Angeles,52.3,57.3,0.0699,0.0362,0.0108,0.99,22.9,71.2,4.2
2025-09-25T02:00:00Z,Chicago,34.4,60.4,0.0515,0.0281,0.0113,0.9,18.3,46.5,5.7
2025-09-25T02:00:00Z,Mexico City,59.4,86.1,0.1124,0.0472,0.0093,0.91,24.9,47.3,6.5
2025-09-25T03:00:00Z,Toronto,29.3,56.7,0.0323,0.0368,0.0047,1.2,22.0,50.4,4.0
2025-09-25T03:00:00Z,New York,46.6,61.7,0.036,0.0392,0.0051,1.32,22.8,68.8,2.7
2025-09-25T03:00:00Z,Los Angeles,41.5,64.0,0.0819,0.0506,0.0044,1.09,19.2,45.8,3.9
2025-09-25T03:00:00Z,Chicago,27.0,50.5,0.0371,0.0321,0.0074,0.93,19.9,51.0,3.4
2025-09-25T03:00:00Z,Mexico City,58.5,68.7,0.0935,0.0521,0.0118,1.02,25.7,45.4,4.0
2025-09-25T04:00:00Z,Toronto,35.4,55.5,0.0419,0.0323,0.0094,1.31,22.4,69.1,5.0
2025-09-25T04:00:00Z,New York,43.7,66.5,0.0441,0.0368,0.0115,1.02,18.2,49.0,2.5
2025-09-25T04:00:00Z,Los Angeles,51.4,66.9,0.0883,0.0429,0.0106,1.05,20.3,68.3,4.8
2025-09-25T04:00:00Z,Chicago,28.9,56.5,0.0607,0.0393,0.0045,1.18,21.5,62.8,5.4
2025-09-25T04:00:00Z,Mexico City,51.1,84.6,0.0923,0.058,0.0093,1.02,25.1,56.8,5.3
2025-09-25T05:00:00Z,Toronto,35.0,52.5,0.0507,0.0373,0.0063,0.96,20.6,59.0,1.9
2025-09-25T05:00:00Z,New York,46.4,67.1,0.0715,0.0309,0.0087,1.1,25.1,51.1,6.3
2025-09-25T05:00:00Z,Los Angeles,38.0,72.5,0.0795,0.0496,0.0116,1.25,21.3,72.9,5.5
2025-09-25T05:00:00Z,Chicago,29.6,43.3,0.0302,0.0247,0.0088,1.32,26.4,73.6,5.3
2025-09-25T05:00:00Z,Mexico City,52.8,69.5,0.0859,0.0548,0.0051,0.9,27.1,67.4,4.1
2025-09-25T06:00:00Z,Toronto,33.7,66.0,0.0546,0.0357,0.0048,1.22,17.7,63.5,3.0
2025-09-25T06:00:00Z,New York,50.4,57.2,0.0472,0.0476,0.0046,1.37,21.3,60.0,5.7
2025-09-25T06:00:00Z,Los Angeles,50.8,83.5,0.0674,0.0432,0.005,1.16,24.4,56.4,6.2
2025-09-25T06:00:00Z,Chicago,46.9,66.5,0.0627,0.0335,0.0093,1.23,26.0,67.9,4.6
2025-09-25T06:00:00Z,Mexico City,57.3,96.2,0.097,0.0458,0.0113,0.96,17.5,58.8,5.1
2025-09-25T07:00:00Z,Toronto,42.9,44.2,0.061,0.0344,0.0115,1.63,25.9,52.5,3.6
2025-09-25T07:00:00Z,New York,43.5,56.2,0.0523,0.0594,0.0073,1.48,19.3,73.3,2.4
2025-09-25T07:00:00Z,Los Angeles,55.3,72.5,0.0691,0.0637,0.0043,1.76,20.4,51.1,6.5
2025-09-25T07:00:00Z,Chicago,38.2,51.7,0.0648,0.051,0.0107,1.63,22.8,67.2,3.4
2025-09-25T07:00:00Z,Mexico City,64.5,92.2,0.0892,0.0542,0.005,1.39,25.7,66.0,5.8
2025-09-25T08:00:00Z,Toronto,32.4,67.0,0.0256,0.0349,0.0047,1.62,26.0,51.0,2.3
2025-09-25T08:00:00Z,New York,53.3,72.3,0.0552,0.0594,0.0083,1.35,27.1,49.5,3.0
2025-09-25T08:00:00Z,Los Angeles,55.4,61.6,0.0607,0.0632,0.0099,1.69,22.5,66.9,2.8
2025-09-25T08:00:00Z,Chicago,46.9,47.5,0.0278,0.0526,0.0115,1.66,24.3,67.5,4.9
2025-09-25T08:00:00Z,Mexico City,57.4,81.4,0.0882,0.0612,0.0084,1.58,23.5,67.9,6.3
2025-09-25T09:00:00Z,Toronto,47.4,64.3,0.0611,0.0395,0.0058,1.62,18.6,67.2,3.5
2025-09-25T09:00:00Z,New York,44.3,68.5,0.0603,0.0448,0.0109,1.79,27.1,72.1,5.2
2025-09-25T09:00:00Z,Los Angeles,49.0,68.3,0.0816,0.0466,0.0114,1.8,17.7,63.9,3.6
2025-09-25T09:00:00Z,Chicago,45.7,68.3,0.0358,0.0458,0.0112,1.42,26.5,54.9,5.5
2025-09-25T09:00:00Z,Mexico City,60.3,95.4,0.1036,0.0612,0.006,1.53,25.2,52.5,3.7
2025-09-25T10:00:00Z,Toronto,40.4,49.3,0.0737,0.0243,0.0111,1.18,27.6,51.7,3.9
2025-09-25T10:00:00Z,New York,55.3,69.2,0.0959,0.0412,0.0109,0.94,26.7,30.3,4.6
2025-09-25T10:00:00Z,Los Angeles,55.1,73.3,0.0922,0.0477,0.0054,1.37,24.8,41.7,3.1
2025-09-25T10:00:00Z,Chicago,45.1,53.1,0.0809,0.0426,0.0043,0.95,32.9,29.8,2.6
2025-09-25T10:00:00Z,Mexico City,60.5,95.3,0.1156,0.057,0.0085,1.32,32.5,52.2,3.2
2025-09-25T11:00:00Z,Toronto,33.3,44.2,0.0592,0.0406,0.0106,1.29,27.6,47.8,6.5
2025-09-25T11:00:00Z,New York,48.8,56.0,0.0924,0.0418,0.0085,0.96,31.7,51.0,4.7
2025-09-25T11:00:00Z,Los Angeles,59.4,83.2,0.0864,0.0493,0.0043,1.15,29.6,40.0,6.4
2025-09-25T11:00:00Z,Chicago,50.2,50.1,0.0541,0.0329,0.0069,1.1,30.1,26.7,5.0
2025-09-25T11:00:00Z,Mexico City,64.9,87.8,0.1031,0.0567,0.0078,1.29,23.6,39.7,3.7
2025-09-25T12:00:00Z,Toronto,35.4,60.4,0.066,0.0397,0.0095,1.17,24.6,26.1,4.0
2025-09-25T12:00:00Z,New York,54.8,77.3,0.0631,0.0442,0.0073,1.44,27.6,50.2,3.5
2025-09-25T12:00:00Z,Los Angeles,59.2,66.4,0.0981,0.0384,0.0112,0.91,27.1,31.2,5.1
2025-09-25T12:00:00Z,Chicago,48.6,56.5,0.082,0.0382,0.0119,0.96,23.4,45.3,4.8
2025-09-25T12:00:00Z,Mexico City,72.7,79.2,0.1295,0.0412,0.009,1.01,29.0,54.1,2.1
2025-09-25T13:00:00Z,Toronto,32.8,60.2,0.0793,0.0245,0.0062,1.04,27.2,44.0,5.8
2025-09-25T13:00:00Z,New York,45.1,54.4,0.0672,0.0436,0.0063,1.36,32.9,38.8,3.2
2025-09-25T13:00:00Z,Los Angeles,46.1,65.0,0.1096,0.0542,0.0111,1.33,31.2,48.4,2.9
2025-09-25T13:00:00Z,Chicago,49.1,48.3,0.0536,0.0257,0.0052,1.24,31.3,49.7,4.9
2025-09-25T13:00:00Z,Mexico City,69.2,88.7,0.1015,0.0408,0.0069,1.03,26.8,31.2,2.9
2025-09-25T14:00:00Z,Toronto,38.7,51.9,0.0847,0.0323,0.007,1.2,26.7,50.3,4.2
2025-09-25T14:00:00Z,New York,42.9,76.0,0.0683,0.0418,0.0105,1.44,29.6,35.0,2.6
2025-09-25T14:00:00Z,Los Angeles,56.5,80.7,0.117,0.0422,0.0086,1.38,29.0,37.5,5.2
2025-09-25T14:00:00Z,Chicago,39.4,67.3,0.0558,0.0331,0.0072,1.24,26.2,42.7,5.1
2025-09-25T14:00:00Z,Mexico City,57.6,87.5,0.1089,0.0577,0.007,0.99,27.3,33.7,5.9
2025-09-25T15:00:00Z,Toronto,34.0,60.9,0.0751,0.0311,0.0044,1.19,28.7,40.7,2.9
2025-09-25T15:00:00Z,New York,55.3,59.5,0.0911,0.0404,0.0065,1.19,27.2,54.8,5.9
2025-09-25T15:00:00Z,Los Angeles,59.0,65.8,0.1039,0.0453,0.0098,1.0,26.1,39.4,4.2
2025-09-25T15:00:00Z,Chicago,35.2,56.5,0.0847,0.0375,0.0064,1.33,24.3,52.7,3.9
2025-09-25T15:00:00Z,Mexico City,58.9,81.9,0.1248,0.0455,0.0054,0.88,27.6,27.2,4.7
2025-09-25T16:00:00Z,Toronto,37.5,43.5,0.0736,0.0332,0.0083,1.31,28.6,54.7,4.4
2025-09-25T16:00:00Z,New York,46.3,76.8,0.0796,0.0347,0.0074,1.13,32.3,39.3,4.4
2025-09-25T16:00:00Z,Los Angeles,53.5,63.9,0.1158,0.0536,0.007,0.99,30.9,41.6,2.1
2025-09-25T16:00:00Z,Chicago,39.4,55.4,0.0641,0.0306,0.0078,1.36,26.3,31.0,3.1
2025-09-25T16:00:00Z,Mexico City,64.9,80.1,0.1194,0.0523,0.0094,1.0,25.0,42.9,4.7
2025-09-25T17:00:00Z,Toronto,45.0,56.8,0.0313,0.0404,0.0114,1.42,21.0,55.3,2.9
2025-09-25T17:00:00Z,New York,53.5,64.6,0.0643,0.0575,0.012,1.6,21.4,57.8,2.9
2025-09-25T17:00:00Z,Los Angeles,48.2,66.2,0.0729,0.0625,0.0099,1.72,19.0,71.0,2.2
2025-09-25T17:00:00Z,Chicago,42.6,69.1,0.0386,0.0429,0.0073,1.28,21.3,65.5,3.8
2025-09-25T17:00:00Z,Mexico City,57.9,98.5,0.0988,0.0695,0.0117,1.32,26.0,55.6,3.9
2025-09-25T18:00:00Z,Toronto,44.5,52.4,0.058,0.033,0.0059,1.43,25.4,61.4,5.4
2025-09-25T18:00:00Z,New York,43.8,61.2,0.0629,0.0585,0.0068,1.76,21.8,63.0,3.4
2025-09-25T18:00:00Z,Los Angeles,49.3,79.7,0.077,0.0576,0.0077,1.62,26.2,67.8,3.2
2025-09-25T18:00:00Z,Chicago,47.5,50.8,0.0331,0.0391,0.0061,1.34,19.3,62.9,4.6
2025-09-25T18:00:00Z,Mexico City,70.1,97.7,0.1038,0.0546,0.0096,1.31,24.9,48.1,3.4
2025-09-25T19:00:00Z,Toronto,41.5,44.5,0.0616,0.0399,0.0109,1.46,25.4,66.6,4.4
2025-09-25T19:00:00Z,New York,44.5,75.7,0.0597,0.058,0.0119,1.73,27.2,49.5,3.4
2025-09-25T19:00:00Z,Los Angeles,48.9,80.9,0.0782,0.0634,0.0063,1.46,25.2,49.2,1.7
2025-09-25T19:00:00Z,Chicago,42.0,66.1,0.0429,0.0473,0.0078,1.36,17.9,51.7,3.0
2025-09-25T19:00:00Z,Mexico City,66.6,93.1,0.0817,0.0636,0.0088,1.22,19.6,49.9,6.0
2025-09-25T20:00:00Z,Toronto,44.9,46.5,0.0619,0.035,0.0082,0.87,17.7,50.3,4.4
2025-09-25T20:00:00Z,New York,52.4,53.8,0.0443,0.0378,0.009,1.14,23.2,67.3,6.1
2025-09-25T20:00:00Z,Los Angeles,48.1,69.9,0.076,0.0542,0.0113,1.26,25.6,61.0,4.3
2025-09-25T20:00:00Z,Chicago,39.3,65.7,0.0289,0.0333,0.0118,1.09,23.6,71.3,2.5
2025-09-25T20:00:00Z,Mexico City,58.0,99.0,0.0756,0.0577,0.0054,0.9,24.7,50.6,5.3
2025-09-25T21:00:00Z,Toronto,47.3,61.2,0.0289,0.0284,0.0115,1.07,18.8,70.7,4.5
2025-09-25T21:00:00Z,New York,46.7,77.1,0.0348,0.0375,0.0115,1.25,18.7,49.9,3.8
2025-09-25T21:00:00Z,Los Angeles,47.7,75.8,0.072,0.0473,0.0059,1.32,24.8,73.6,5.8
2025-09-25T21:00:00Z,Chicago,41.4,70.5,0.0429,0.0299,0.0081,1.13,24.4,64.1,3.2
2025-09-25T21:00:00Z,Mexico City,68.4,86.4,0.0842,0.0573,0.0106,1.18,18.2,52.6,3.7
2025-09-25T22:00:00Z,Toronto,43.6,49.7,0.0241,0.0365,0.0044,1.39,23.8,54.5,3.9
2025-09-25T22:00:00Z,New York,52.7,66.3,0.0653,0.0474,0.0094,1.26,21.1,56.4,3.5
2025-09-25T22:00:00Z,Los Angeles,48.7,65.8,0.0745,0.0353,0.0053,1.21,20.9,46.7,4.9
2025-09-25T22:00:00Z,Chicago,50.3,68.0,0.0643,0.0421,0.0116,1.4,21.3,74.4,4.6
2025-09-25T22:00:00Z,Mexico City,70.0,95.0,0.0923,0.0589,0.0069,1.07,20.5,59.0,6.3
2025-09-25T23:00:00Z,Toronto,36.8,48.0,0.0314,0.0398,0.0059,1.42,18.4,71.8,2.2
2025-09-25T23:00:00Z,New York,33.8,66.3,0.0449,0.0464,0.0045,1.07,17.6,58.9,3.3
2025-09-25T23:00:00Z,Los Angeles,49.3,65.9,0.0735,0.0442,0.0102,0.95,23.4,66.3,3.1
2025-09-25T23:00:00Z,Chicago,42.4,43.1,0.0609,0.0302,0.0073,1.0,25.1,47.6,4.7
2025-09-25T23:00:00Z,Mexico City,64.5,76.4,0.0888,0.0555,0.0106,0.9,21.1,73.9,1.7
2025-09-26T00:00:00Z,Toronto,33.4,53.5,0.0607,0.0353,0.011,1.33,24.1,65.1,2.9
2025-09-26T00:00:00Z,New York,37.1,48.7,0.0418,0.0347,0.0099,1.23,20.9,50.8,1.7
2025-09-26T00:00:00Z,Los Angeles,39.8,54.3,0.0935,0.0514,0.0108,1.36,18.9,73.8,6.5
2025-09-26T00:00:00Z,Chicago,32.6,40.1,0.0613,0.0298,0.0062,0.92,19.7,72.9,2.3
2025-09-26T00:00:00Z,Mexico City,61.6,90.4,0.103,0.0499,0.0043,1.35,20.5,65.7,4.6
2025-09-26T01:00:00Z,Toronto,26.7,49.5,0.0279,0.027,0.0072,0.89,25.9,54.1,3.0
2025-09-26T01:00:00Z,New York,38.2,49.0,0.0684,0.0439,0.0099,1.08,26.0,73.4,5.9
2025-09-26T01:00:00Z,Los Angeles,42.8,69.4,0.0647,0.0417,0.0073,1.11,27.2,65.7,4.4
2025-09-26T01:00:00Z,Chicago,41.4,51.9,0.0316,0.0289,0.0066,1.01,23.2,49.2,3.2
2025-09-26T01:00:00Z,Mexico City,49.6,80.8,0.111,0.0446,0.0048,1.07,22.9,47.7,5.8
2025-09-26T02:00:00Z,Toronto,29.1,44.9,0.0339,0.0372,0.012,1.12,21.1,59.1,2.5
2025-09-26T02:00:00Z,New York,40.9,50.1,0.0387,0.0396,0.0085,1.45,18.6,53.1,5.7
2025-09-26T02:00:00Z,Los Angeles,42.9,54.4,0.0618,0.0381,0.009,0.99,20.3,54.1,3.3
2025-09-26T02:00:00Z,Chicago,29.2,38.6,0.0591,0.0425,0.0047,1.23,20.6,55.6,4.4
2025-09-26T02:00:00Z,Mexico City,64.7,70.4,0.1072,0.0557,0.0093,1.41,18.6,71.1,2.8
2025-09-26T03:00:00Z,Toronto,25.9,39.5,0.0359,0.0364,0.0074,1.42,22.0,69.1,5.8
2025-09-26T03:00:00Z,New York,38.5,52.0,0.0407,0.0327,0.0074,1.04,25.5,69.3,2.5
2025-09-26T03:00:00Z,Los Angeles,44.1,52.6,0.0772,0.0427,0.0099,0.94,17.5,66.9,4.2
2025-09-26T03:00:00Z,Chicago,30.7,46.9,0.0407,0.0416,0.0055,1.28,25.3,63.5,5.7
2025-09-26T03:00:00Z,Mexico City,55.3,88.8,0.0783,0.0411,0.0051,0.9,22.2,51.0,5.7
2025-09-26T04:00:00Z,Toronto,25.7,54.2,0.0272,0.0256,0.0109,1.34,21.6,74.2,2.2
2025-09-26T04:00:00Z,New York,40.0,51.4,0.0548,0.0386,0.0081,1.29,17.7,63.4,4.4
2025-09-26T04:00:00Z,Los Angeles,37.3,69.8,0.0663,0.0522,0.011,1.29,25.9,53.1,4.9
2025-09-26T04:00:00Z,Chicago,37.0,40.7,0.0551,0.0273,0.0069,1.2,22.4,54.7,2.4
2025-09-26T04:00:00Z,Mexico City,64.6,70.2,0.0746,0.0539,0.005,0.87,20.7,52.5,3.9
2025-09-26T05:00:00Z,Toronto,28.1,54.6,0.0563,0.0413,0.0115,1.2,23.4,66.2,3.2
2025-09-26T05:00:00Z,New York,47.3,48.4,0.0468,0.0341,0.0116,0.87,23.2,55.1,2.7
2025-09-26T05:00:00Z,Los Angeles,46.9,51.5,0.0813,0.0483,0.0072,1.14,24.6,69.4,2.1
2025-09-26T05:00:00Z,Chicago,32.5,57.0,0.0479,0.0383,0.0092,1.34,18.0,65.3,5.7
2025-09-26T05:00:00Z,Mexico City,54.1,85.9,0.1013,0.0555,0.0091,1.44,24.8,55.3,6.7
2025-09-26T06:00:00Z,Toronto,38.0,51.2,0.0234,0.0405,0.009,1.24,23.4,60.5,4.4
2025-09-26T06:00:00Z,New York,50.4,67.4,0.0474,0.0345,0.0081,1.41,17.8,72.5,4.7
2025-09-26T06:00:00Z,Los Angeles,51.2,64.2,0.078,0.0378,0.0053,1.2,19.4,64.5,2.5
2025-09-26T06:00:00Z,Chicago,35.2,68.3,0.0524,0.0443,0.009,0.93,20.1,68.6,6.6
2025-09-26T06:00:00Z,Mexico City,72.6,78.4,0.1022,0.05,0.0072,0.89,20.0,50.9,5.8
2025-09-26T07:00:00Z,Toronto,34.0,63.7,0.037,0.0521,0.0043,1.38,24.5,51.5,4.1
2025-09-26T07:00:00Z,New York,52.4,55.7,0.0425,0.0462,0.0056,1.51,20.9,74.2,4.8
2025-09-26T07:00:00Z,Los Angeles,46.9,70.8,0.0653,0.0459,0.0087,1.36,22.8,59.2,4.9
2025-09-26T07:00:00Z,Chicago,47.9,61.4,0.0588,0.0501,0.0081,1.38,23.8,61.7,4.1
2025-09-26T07:00:00Z,Mexico City,67.7,82.1,0.0763,0.0644,0.0099,1.74,21.8,58.9,2.7
2025-09-26T08:00:00Z,Toronto,46.8,62.4,0.0359,0.0409,0.01,1.75,18.4,57.8,4.3
2025-09-26T08:00:00Z,New York,40.0,60.4,0.0721,0.059,0.0095,1.32,20.2,74.2,2.3
2025-09-26T08:00:00Z,Los Angeles,45.3,76.3,0.0886,0.0565,0.0083,1.26,17.4,55.8,3.2
2025-09-26T08:00:00Z,Chicago,34.8,48.4,0.0481,0.0417,0.0072,1.55,23.1,51.9,3.9
2025-09-26T08:00:00Z,Mexico City,63.9,83.6,0.1019,0.0624,0.0116,1.79,19.5,52.5,5.0
2025-09-26T09:00:00Z,Toronto,45.5,58.4,0.0566,0.0337,0.0056,1.6,25.1,48.9,2.2
2025-09-26T09:00:00Z,New York,49.5,68.2,0.0396,0.0576,0.0114,1.74,21.2,63.8,3.0
2025-09-26T09:00:00Z,Los Angeles,47.2,64.1,0.0904,0.0613,0.0086,1.79,24.7,49.1,6.2
2025-09-26T09:00:00Z,Chicago,37.3,68.8,0.0608,0.0499,0.0108,1.59,24.6,47.8,5.1
2025-09-26T09:00:00Z,Mexico City,70.5,83.9,0.083,0.0541,0.0065,1.68,18.3,70.1,4.5
2025-09-26T10:00:00Z,Toronto,33.9,47.2,0.0578,0.0279,0.0103,1.42,28.5,44.7,2.1
2025-09-26T10:00:00Z,New York,43.7,66.0,0.0678,0.0444,0.0118,1.18,28.4,30.8,6.0
2025-09-26T10:00:00Z,Los Angeles,45.5,81.4,0.0963,0.0471,0.0079,1.4,25.4,33.5,5.9
2025-09-26T10:00:00Z,Chicago,43.0,47.5,0.0655,0.0246,0.0103,0.87,25.9,48.8,4.8
2025-09-26T10:00:00Z,Mexico City,72.0,84.4,0.1254,0.0514,0.008,0.89,24.5,52.9,3.3
2025-09-26T11:00:00Z,Toronto,41.2,43.6,0.0487,0.0273,0.0097,1.08,25.7,48.5,2.6
2025-09-26T11:00:00Z,New York,46.2,61.1,0.081,0.0418,0.0066,0.92,32.4,28.1,4.9
2025-09-26T11:00:00Z,Los Angeles,48.3,81.8,0.0951,0.0399,0.0119,1.13,32.9,50.8,2.1
2025-09-26T11:00:00Z,Chicago,35.9,67.4,0.0732,0.0308,0.0105,1.04,27.9,27.5,1.6
2025-09-26T11:00:00Z,Mexico City,63.1,78.3,0.1109,0.0543,0.0053,1.31,25.8,42.9,5.3
2025-09-26T12:00:00Z,Toronto,47.8,65.3,0.0705,0.0362,0.0053,1.07,26.0,50.6,3.1
2025-09-26T12:00:00Z,New York,48.8,55.4,0.0898,0.0436,0.0043,1.29,23.6,39.9,4.1
2025-09-26T12:00:00Z,Los Angeles,54.9,72.3,0.0828,0.0394,0.0069,1.41,23.2,51.0,2.8
2025-09-26T12:00:00Z,Chicago,35.8,68.7,0.0811,0.0367,0.0118,1.12,23.1,28.2,1.8
2025-09-26T12:00:00Z,Mexico City,58.3,94.1,0.1346,0.0479,0.0057,1.08,25.5,48.0,2.5
2025-09-26T13:00:00Z,Toronto,47.5,55.0,0.072,0.0378,0.0069,0.9,24.1,33.0,6.4
2025-09-26T13:00:00Z,New York,48.4,61.8,0.0959,0.0397,0.005,1.44,26.4,31.2,3.5
2025-09-26T13:00:00Z,Los Angeles,54.0,77.6,0.0928,0.049,0.0084,1.36,28.9,54.4,4.8
2025-09-26T13:00:00Z,Chicago,46.2,67.5,0.0509,0.0431,0.0079,1.37,31.3,28.3,3.0
2025-09-26T13:00:00Z,Mexico City,72.8,78.6,0.1177,0.0439,0.0074,0.91,26.3,42.2,4.2
2025-09-26T14:00:00Z,Toronto,48.0,62.8,0.0502,0.0267,0.0052,1.39,24.6,29.0,3.0
2025-09-26T14:00:00Z,New York,40.1,74.6,0.068,0.0467,0.0089,0.99,23.4,32.0,5.8
2025-09-26T14:00:00Z,Los Angeles,53.6,75.5,0.1129,0.0518,0.009,1.15,32.3,53.4,3.5
2025-09-26T14:00:00Z,Chicago,45.7,55.5,0.0645,0.0329,0.0103,0.95,27.9,41.2,5.0
2025-09-26T14:00:00Z,Mexico City,61.4,95.9,0.1188,0.0536,0.007,1.06,30.6,52.3,3.0
2025-09-26T15:00:00Z,Toronto,32.2,47.7,0.0617,0.0389,0.0118,1.4,26.0,34.3,1.9
2025-09-26T15:00:00Z,New York,44.8,63.1,0.0617,0.0332,0.0112,1.43,30.4,45.2,4.2
2025-09-26T15:00:00Z,Los Angeles,46.8,61.7,0.121,0.0504,0.0043,1.1,28.1,46.8,4.0
2025-09-26T15:00:00Z,Chicago,37.8,62.8,0.0887,0.0285,0.0048,1.44,27.1,48.7,5.5
2025-09-26T15:00:00Z,Mexico City,71.6,91.6,0.1313,0.0428,0.0096,1.32,24.4,48.0,4.5
2025-09-26T16:00:00Z,Toronto,36.1,50.1,0.0613,0.0251,0.0045,1.09,25.1,33.3,2.5
2025-09-26T16:00:00Z,New York,45.7,63.8,0.0726,0.046,0.0083,1.42,33.0,46.8,2.9
2025-09-26T16:00:00Z,Los Angeles,56.5,71.6,0.1036,0.0368,0.0092,1.01,31.2,32.6,3.8
2025-09-26T16:00:00Z,Chicago,39.7,67.2,0.0879,0.0259,0.0051,1.39,25.6,33.4,5.1
2025-09-26T16:00:00Z,Mexico City,57.5,82.2,0.0983,0.0448,0.0117,1.04,28.3,44.5,1.5
2025-09-26T17:00:00Z,Toronto,45.0,53.6,0.0546,0.0436,0.0068,1.74,27.2,46.5,4.9
2025-09-26T17:00:00Z,New York,54.4,62.0,0.0461,0.0491,0.006,1.74,20.9,60.3,3.8
2025-09-26T17:00:00Z,Los Angeles,58.0,80.9,0.0826,0.0454,0.0118,1.79,26.9,56.4,5.8
2025-09-26T17:00:00Z,Chicago,45.4,58.6,0.0368,0.0524,0.0091,1.55,18.3,70.3,3.7
2025-09-26T17:00:00Z,Mexico City,61.0,81.4,0.0915,0.0567,0.009,1.67,20.4,67.3,4.8
2025-09-26T18:00:00Z,Toronto,37.5,51.8,0.0607,0.0478,0.0088,1.69,18.2,63.4,5.4
2025-09-26T18:00:00Z,New York,54.2,70.3,0.0528,0.0537,0.0091,1.68,25.2,62.1,2.4
2025-09-26T18:00:00Z,Los Angeles,46.6,68.0,0.0938,0.053,0.008,1.29,24.6,65.7,2.7
2025-09-26T18:00:00Z,Chicago,45.5,47.8,0.0435,0.0548,0.0118,1.45,23.8,73.2,2.7
2025-09-26T18:00:00Z,Mexico City,71.5,83.9,0.1052,0.054,0.0102,1.43,17.9,57.0,1.3
2025-09-26T19:00:00Z,Toronto,33.0,59.4,0.0348,0.0442,0.0114,1.31,17.7,55.2,3.7
2025-09-26T19:00:00Z,New York,47.2,55.1,0.0359,0.0475,0.0058,1.49,26.4,49.8,5.7
2025-09-26T19:00:00Z,Los Angeles,59.7,66.6,0.0622,0.0521,0.0092,1.64,21.2,74.3,3.9
2025-09-26T19:00:00Z,Chicago,40.3,47.4,0.0363,0.0505,0.0045,1.29,18.8,61.7,2.4
2025-09-26T19:00:00Z,Mexico City,68.5,95.0,0.0837,0.0607,0.0113,1.5,24.1,69.7,5.6
2025-09-26T20:00:00Z,Toronto,38.4,52.3,0.0601,0.0346,0.0073,1.14,25.7,56.2,4.4
2025-09-26T20:00:00Z,New York,55.3,71.2,0.0528,0.0387,0.0061,1.44,26.8,56.6,3.7
2025-09-26T20:00:00Z,Los Angeles,55.7,72.9,0.0672,0.0525,0.011,1.26,23.7,68.3,3.8
2025-09-26T20:00:00Z,Chicago,44.1,55.1,0.0522,0.0357,0.0077,1.42,18.2,62.0,3.5
2025-09-26T20:00:00Z,Mexico City,67.3,86.1,0.0813,0.0445,0.0054,1.19,17.9,67.8,4.7
2025-09-26T21:00:00Z,Toronto,43.1,66.9,0.0305,0.0297,0.0096,0.85,18.4,55.3,5.8
2025-09-26T21:00:00Z,New York,42.5,72.0,0.0657,0.0367,0.0115,1.32,26.0,45.1,2.3
2025-09-26T21:00:00Z,Los Angeles,57.6,81.4,0.0874,0.0502,0.0092,0.93,17.7,59.5,5.7
2025-09-26T21:00:00Z,Chicago,43.4,59.4,0.043,0.0355,0.0114,1.16,20.2,74.1,5.1
2025-09-26T21:00:00Z,Mexico City,67.1,95.9,0.0998,0.0447,0.0098,1.05,26.2,68.0,3.5
2025-09-26T22:00:00Z,Toronto,47.5,56.8,0.0551,0.0308,0.0106,1.04,25.7,63.6,3.8
2025-09-26T22:00:00Z,New York,42.3,70.8,0.0717,0.0351,0.0056,1.42,21.1,58.9,3.0
2025-09-26T22:00:00Z,Los Angeles,52.2,83.8,0.0967,0.0449,0.0086,1.06,24.5,51.8,5.4
2025-09-26T22:00:00Z,Chicago,38.0,63.8,0.0364,0.0311,0.0106,1.4,19.5,62.4,5.6
2025-09-26T22:00:00Z,Mexico City,67.6,89.1,0.0914,0.0493,0.0051,1.36,24.0,61.1,6.1
2025-09-26T23:00:00Z,Toronto,25.4,46.9,0.036,0.032,0.0107,0.91,19.1,68.6,5.0
2025-09-26T23:00:00Z,New York,35.9,65.7,0.0351,0.0445,0.0065,1.31,18.3,69.3,3.7
2025-09-26T23:00:00Z,Los Angeles,48.7,53.5,0.0765,0.0448,0.0109,1.4,26.7,70.5,3.3
2025-09-26T23:00:00Z,Chicago,36.3,59.1,0.0262,0.0299,0.0102,1.07,22.2,73.7,5.8
2025-09-26T23:00:00Z,Mexico City,55.0,91.4,0.0808,0.0438,0.0061,1.25,24.5,67.3,6.8
2025-09-27T00:00:00Z,Toronto,38.7,37.4,0.0552,0.0326,0.0102,0.98,25.3,45.6,2.2
2025-09-27T00:00:00Z,New York,42.5,65.5,0.0578,0.0357,0.009,1.17,23.9,54.2,6.4
2025-09-27T00:00:00Z,Los Angeles,51.3,64.0,0.06,0.0441,0.0099,1.19,20.7,48.5,5.1
2025-09-27T00:00:00Z,Chicago,37.9,47.3,0.0516,0.037,0.0047,0.87,25.1,55.6,3.4
2025-09-27T00:00:00Z,Mexico City,64.7,76.4,0.0769,0.0567,0.0089,1.12,17.6,67.4,3.7
2025-09-27T01:00:00Z,Toronto,38.2,44.7,0.0389,0.0337,0.0046,1.27,20.4,71.0,3.6
2025-09-27T01:00:00Z,New York,43.4,59.4,0.0512,0.048,0.0051,1.38,23.7,54.9,3.4
2025-09-27T01:00:00Z,Los Angeles,37.7,55.1,0.0806,0.0475,0.0046,1.17,18.9,61.4,4.3
2025-09-27T01:00:00Z,Chicago,35.8,60.4,0.0327,0.0418,0.0071,1.03,21.1,54.1,4.3
2025-09-27T01:00:00Z,Mexico City,59.2,72.6,0.107,0.0562,0.0077,1.43,23.0,53.2,3.9
2025-09-27T02:00:00Z,Toronto,26.6,49.0,0.0483,0.0274,0.0062,1.35,19.9,66.7,2.2
2025-09-27T02:00:00Z,New York,39.9,61.5,0.0448,0.0403,0.0114,0.86,22.6,59.8,3.3
2025-09-27T02:00:00Z,Los Angeles,50.1,62.1,0.0581,0.0487,0.0093,0.86,26.3,62.0,5.1
2025-09-27T02:00:00Z,Chicago,27.4,53.6,0.0374,0.044,0.0041,1.4,17.6,65.8,3.2
2025-09-27T02:00:00Z,Mexico City,59.6,68.4,0.0911,0.0445,0.0041,1.1,26.9,54.0,4.8
2025-09-27T03:00:00Z,Toronto,25.7,48.1,0.0574,0.0303,0.0116,1.44,21.0,50.9,5.5
2025-09-27T03:00:00Z,New York,42.8,47.0,0.0502,0.0311,0.0071,0.92,18.5,50.9,5.8
2025-09-27T03:00:00Z,Los Angeles,37.8,73.5,0.0845,0.0522,0.0099,0.88,27.3,71.2,4.9
2025-09-27T03:00:00Z,Chicago,30.9,50.4,0.045,0.0251,0.0075,1.18,26.0,60.7,6.2
2025-09-27T03:00:00Z,Mexico City,50.0,87.7,0.098,0.0575,0.0092,1.19,22.5,62.6,5.5
2025-09-27T04:00:00Z,Toronto,40.2,44.0,0.0222,0.0328,0.0064,1.15,20.7,71.1,3.8
2025-09-27T04:00:00Z,New York,46.7,62.1,0.0661,0.0471,0.0072,1.27,20.1,61.8,3.4
2025-09-27T04:00:00Z,Los Angeles,49.0,60.6,0.0677,0.0432,0.0082,1.17,20.0,67.4,4.9
2025-09-27T04:00:00Z,Chicago,41.9,48.6,0.06,0.0249,0.0096,1.42,21.8,66.4,5.8
2025-09-27T04:00:00Z,Mexico City,59.4,84.5,0.0928,0.0485,0.0087,1.44,25.3,46.5,2.1
2025-09-27T05:00:00Z,Toronto,27.9,49.1,0.0303,0.024,0.006,1.11,26.1,48.9,3.6
2025-09-27T05:00:00Z,New York,45.8,54.4,0.0445,0.0335,0.0094,1.0,27.0,72.4,3.6
2025-09-27T05:00:00Z,Los Angeles,40.5,53.6,0.0925,0.0534,0.0049,0.88,25.9,59.4,3.6
2025-09-27T05:00:00Z,Chicago,36.4,55.4,0.0287,0.0262,0.0111,0.91,20.3,66.9,1.4
2025-09-27T05:00:00Z,Mexico City,56.3,77.7,0.0862,0.0508,0.0044,1.38,23.7,66.2,4.1
2025-09-27T06:00:00Z,Toronto,43.0,59.7,0.0278,0.042,0.0083,1.19,23.6,71.4,3.4
2025-09-27T06:00:00Z,New York,43.5,61.7,0.0675,0.0332,0.0047,0.97,26.3,54.7,2.2
2025-09-27T06:00:00Z,Los Angeles,53.6,69.1,0.0677,0.0508,0.0047,1.14,24.9,68.1,5.4
2025-09-27T06:00:00Z,Chicago,47.6,48.3,0.0451,0.027,0.0071,1.14,23.5,62.7,3.7
2025-09-27T06:00:00Z,Mexico City,66.4,79.9,0.0938,0.0457,0.0073,1.37,25.9,56.4,3.4
2025-09-27T07:00:00Z,Toronto,39.0,45.0,0.026,0.034,0.0078,1.38,26.1,73.2,4.8
2025-09-27T07:00:00Z,New York,45.9,62.7,0.0436,0.0412,0.0102,1.64,20.0,57.5,4.6
2025-09-27T07:00:00Z,Los Angeles,57.2,74.0,0.0884,0.0617,0.0114,1.2,21.6,50.0,4.6
2025-09-27T07:00:00Z,Chicago,41.8,66.4,0.0532,0.0537,0.0046,1.73,24.5,60.8,2.1
2025-09-27T07:00:00Z,Mexico City,70.1,87.9,0.1102,0.0623,0.0079,1.6,20.8,57.8,5.4
2025-09-27T08:00:00Z,Toronto,44.6,51.0,0.0224,0.0421,0.0075,1.61,18.3,70.5,4.3
2025-09-27T08:00:00Z,New York,54.5,71.6,0.0738,0.0594,0.009,1.68,24.1,74.1,1.2
2025-09-27T08:00:00Z,Los Angeles,55.4,60.8,0.0601,0.0468,0.0056,1.62,26.6,66.6,4.8
2025-09-27T08:00:00Z,Chicago,37.3,63.5,0.0459,0.0392,0.0066,1.57,22.4,74.4,6.0
2025-09-27T08:00:00Z,Mexico City,65.8,100.7,0.1048,0.053,0.0082,1.65,25.3,52.4,4.4
2025-09-27T09:00:00Z,Toronto,37.9,64.4,0.0556,0.0419,0.0085,1.27,19.1,73.4,5.9
2025-09-27T09:00:00Z,New York,54.8,66.1,0.0486,0.0568,0.0106,1.26,22.7,69.2,2.7
2025-09-27T09:00:00Z,Los Angeles,48.4,61.5,0.0654,0.0573,0.0067,1.56,20.8,71.9,4.7
2025-09-27T09:00:00Z,Chicago,40.7,55.6,0.0619,0.0453,0.0092,1.5,26.2,57.8,2.5
2025-09-27T09:00:00Z,Mexico City,58.0,94.2,0.1016,0.0516,0.0057,1.51,18.2,73.6,4.7
2025-09-27T10:00:00Z,Toronto,38.1,53.4,0.0685,0.0257,0.0066,0.92,29.3,35.2,3.1
2025-09-27T10:00:00Z,New York,49.6,71.5,0.0877,0.0319,0.0061,1.06,28.4,39.7,6.0
2025-09-27T10:00:00Z,Los Angeles,59.9,60.5,0.1209,0.0476,0.0061,1.45,27.0,25.3,6.2
2025-09-27T10:00:00Z,Chicago,35.2,62.8,0.0796,0.0427,0.0078,1.12,25.4,27.2,2.7
2025-09-27T10:00:00Z,Mexico City,64.7,78.9,0.1129,0.0542,0.0051,1.4,32.1,28.6,5.0
2025-09-27T11:00:00Z,Toronto,32.5,53.5,0.0729,0.0226,0.0054,1.39,24.0,44.4,5.0
2025-09-27T11:00:00Z,New York,39.8,55.1,0.069,0.0324,0.0073,1.21,30.2,36.3,4.3
2025-09-27T11:00:00Z,Los Angeles,54.8,67.9,0.1082,0.0433,0.0106,1.27,23.4,36.2,3.3
2025-09-27T11:00:00Z,Chicago,47.4,48.6,0.067,0.032,0.0043,0.97,23.7,26.9,3.5
2025-09-27T11:00:00Z,Mexico City,60.8,92.0,0.1377,0.0557,0.0115,1.45,27.0,43.9,3.2
2025-09-27T12:00:00Z,Toronto,42.5,43.6,0.0833,0.0354,0.0061,1.17,32.2,26.1,3.2
2025-09-27T12:00:00Z,New York,43.3,55.1,0.0635,0.0329,0.0043,1.04,24.5,53.5,2.3
2025-09-27T12:00:00Z,Los Angeles,51.9,77.5,0.0873,0.0401,0.0086,1.4,29.2,41.9,2.4
2025-09-27T12:00:00Z,Chicago,40.8,66.7,0.0765,0.0313,0.0053,1.25,31.3,54.6,4.6
2025-09-27T12:00:00Z,Mexico City,60.1,83.7,0.1342,0.0546,0.0084,1.13,32.8,28.7,4.0
2025-09-27T13:00:00Z,Toronto,32.9,44.5,0.0598,0.0264,0.007,1.16,31.4,50.9,5.2
2025-09-27T13:00:00Z,New York,46.5,71.7,0.0763,0.0357,0.0052,0.96,29.2,48.3,4.0
2025-09-27T13:00:00Z,Los Angeles,59.2,80.8,0.1167,0.0436,0.0118,1.28,27.5,26.8,2.6
2025-09-27T13:00:00Z,Chicago,43.8,60.2,0.0683,0.0304,0.0042,1.11,27.5,38.5,3.6
2025-09-27T13:00:00Z,Mexico City,70.0,86.9,0.1132,0.0552,0.0097,1.16,23.5,33.2,4.1
2025-09-27T14:00:00Z,Toronto,43.0,52.0,0.0799,0.0222,0.0119,0.86,29.9,47.1,2.6
2025-09-27T14:00:00Z,New York,51.0,70.7,0.0658,0.0433,0.0103,1.06,31.2,49.5,3.0
2025-09-27T14:00:00Z,Los Angeles,55.9,80.6,0.089,0.0409,0.0076,1.27,24.9,51.9,5.0
2025-09-27T14:00:00Z,Chicago,44.8,46.8,0.0801,0.03,0.0101,1.27,28.5,38.1,3.6
2025-09-27T14:00:00Z,Mexico City,69.1,78.1,0.1276,0.0506,0.0115,1.06,28.6,51.3,4.2
2025-09-27T15:00:00Z,Toronto,38.1,51.3,0.0748,0.0267,0.0055,1.21,27.3,53.3,3.9
2025-09-27T15:00:00Z,New York,41.5,62.3,0.0745,0.0337,0.0052,1.08,31.1,35.9,5.0
2025-09-27T15:00:00Z,Los Angeles,52.5,60.6,0.0843,0.0357,0.0089,1.03,25.9,47.4,3.6
2025-09-27T15:00:00Z,Chicago,36.6,49.8,0.083,0.0392,0.0084,1.17,26.0,39.9,5.0
2025-09-27T15:00:00Z,Mexico City,72.6,87.7,0.1129,0.045,0.0079,0.96,31.5,32.0,5.4
2025-09-27T16:00:00Z,Toronto,35.5,53.8,0.0578,0.0356,0.0097,1.07,32.1,54.2,6.3
2025-09-27T16:00:00Z,New York,41.7,58.7,0.0865,0.034,0.0068,1.22,24.9,40.9,4.0
2025-09-27T16:00:00Z,Los Angeles,49.3,66.7,0.1133,0.0368,0.0119,0.86,24.0,45.5,2.1
2025-09-27T16:00:00Z,Chicago,40.8,58.5,0.0566,0.0338,0.0085,0.95,31.5,51.9,5.1
2025-09-27T16:00:00Z,Mexico City,72.2,80.4,0.1043,0.0505,0.0065,1.13,32.5,54.2,4.9
2025-09-27T17:00:00Z,Toronto,47.2,43.8,0.0467,0.0487,0.0091,1.33,25.3,66.4,3.7
2025-09-27T17:00:00Z,New York,40.4,59.4,0.0409,0.0415,0.0054,1.61,27.0,60.8,4.2
2025-09-27T17:00:00Z,Los Angeles,59.6,71.2,0.0707,0.0582,0.0058,1.57,20.7,54.6,2.9
2025-09-27T17:00:00Z,Chicago,41.0,61.1,0.0585,0.0424,0.0087,1.63,25.3,64.6,3.9
2025-09-27T17:00:00Z,Mexico City,71.8,100.0,0.098,0.0684,0.0098,1.23,25.6,46.1,2.8
2025-09-27T18:00:00Z,Toronto,43.4,64.9,0.0234,0.0355,0.0055,1.73,25.8,62.2,5.6
2025-09-27T18:00:00Z,New York,48.2,73.4,0.0624,0.0561,0.0103,1.79,18.6,50.3,2.5
2025-09-27T18:00:00Z,Los Angeles,44.6,61.9,0.0922,0.063,0.0053,1.48,24.2,73.4,4.0
2025-09-27T18:00:00Z,Chicago,35.4,59.2,0.0384,0.0481,0.0112,1.75,24.1,70.7,4.2
2025-09-27T18:00:00Z,Mexico City,61.3,98.5,0.0812,0.0631,0.0045,1.48,22.3,61.4,2.7
2025-09-27T19:00:00Z,Toronto,44.6,51.3,0.027,0.045,0.0116,1.55,20.8,69.3,6.2
2025-09-27T19:00:00Z,New York,46.0,53.8,0.0425,0.0576,0.0064,1.63,26.9,72.6,4.2
2025-09-27T19:00:00Z,Los Angeles,52.9,68.3,0.0826,0.061,0.0111,1.74,22.9,63.2,4.3
2025-09-27T19:00:00Z,Chicago,43.7,58.4,0.0563,0.039,0.0072,1.57,22.3,69.7,4.0
2025-09-27T19:00:00Z,Mexico City,70.7,80.4,0.0947,0.0569,0.0071,1.56,24.7,52.6,4.9
2025-09-27T20:00:00Z,Toronto,41.4,60.0,0.0416,0.0264,0.0067,1.27,22.6,51.5,6.1
2025-09-27T20:00:00Z,New York,52.6,75.5,0.0638,0.039,0.0081,1.07,26.5,59.1,4.9
2025-09-27T20:00:00Z,Los Angeles,55.3,66.6,0.0932,0.046,0.0049,0.88,18.6,62.8,3.0
2025-09-27T20:00:00Z,Chicago,43.9,69.4,0.0546,0.0329,0.0076,0.96,26.2,62.4,2.5
2025-09-27T20:00:00Z,Mexico City,58.9,81.2,0.0882,0.0496,0.0111,0.91,25.3,65.1,6.0
2025-09-27T21:00:00Z,Toronto,45.7,55.1,0.0573,0.035,0.0118,1.42,23.3,67.1,3.3
2025-09-27T21:00:00Z,New York,52.0,69.6,0.0396,0.0315,0.006,1.16,26.0,47.5,2.0
2025-09-27T21:00:00Z,Los Angeles,46.9,78.5,0.0785,0.0545,0.0054,1.33,18.2,56.4,3.5
2025-09-27T21:00:00Z,Chicago,47.0,66.3,0.0462,0.0336,0.0077,1.22,22.5,50.3,4.1
2025-09-27T21:00:00Z,Mexico City,66.0,86.8,0.0929,0.0421,0.0057,0.97,21.6,48.0,3.0
2025-09-27T22:00:00Z,Toronto,34.5,49.0,0.0531,0.0412,0.0053,0.9,22.1,57.7,3.9
2025-09-27T22:00:00Z,New York,47.0,61.0,0.0448,0.0344,0.0079,1.23,18.0,63.9,5.4
2025-09-27T22:00:00Z,Los Angeles,55.0,75.5,0.0945,0.0521,0.0044,0.91,18.7,69.6,6.2
2025-09-27T22:00:00Z,Chicago,43.5,66.4,0.061,0.0352,0.0058,1.01,22.4,51.8,3.0
2025-09-27T22:00:00Z,Mexico City,67.7,87.7,0.1029,0.0404,0.0055,1.02,25.6,58.4,3.8
2025-09-27T23:00:00Z,Toronto,30.4,37.2,0.024,0.0232,0.0098,1.37,19.6,71.0,5.2
2025-09-27T23:00:00Z,New York,44.1,55.4,0.035,0.0383,0.0107,1.0,22.1,70.5,3.8
2025-09-27T23:00:00Z,Los Angeles,37.5,51.6,0.092,0.0471,0.005,1.11,22.4,69.2,4.3
2025-09-27T23:00:00Z,Chicago,32.1,51.3,0.0404,0.0289,0.0068,1.19,23.7,64.7,5.1
2025-09-27T23:00:00Z,Mexico City,58.8,79.0,0.0809,0.0453,0.0077,0.98,25.3,64.4,3.3
2025-09-28T00:00:00Z,Toronto,25.5,48.9,0.0596,0.0386,0.0055,1.44,26.7,66.9,5.8
2025-09-28T00:00:00Z,New York,41.7,61.8,0.0629,0.0398,0.0089,0.98,23.6,59.7,2.4
2025-09-28T00:00:00Z,Los Angeles,42.2,61.6,0.0864,0.0497,0.004,1.14,18.1,67.1,4.2
2025-09-28T00:00:00Z,Chicago,33.2,56.5,0.0269,0.0261,0.0076,1.29,21.9,74.3,3.7
2025-09-28T00:00:00Z,Mexico City,55.5,68.3,0.0749,0.0455,0.0091,0.88,24.6,67.1,3.1
2025-09-28T01:00:00Z,Toronto,30.9,46.3,0.0589,0.0396,0.0065,1.1,24.5,58.6,3.6
2025-09-28T01:00:00Z,New York,43.7,54.9,0.045,0.041,0.0076,1.27,21.3,58.1,1.6
2025-09-28T01:00:00Z,Los Angeles,37.2,69.3,0.069,0.0487,0.0081,1.33,25.3,55.5,4.4
2025-09-28T01:00:00Z,Chicago,35.3,58.0,0.0506,0.0363,0.0051,0.89,23.3,59.9,4.8
2025-09-28T01:00:00Z,Mexico City,50.7,90.0,0.0909,0.0556,0.0047,1.05,22.2,50.1,4.0
2025-09-28T02:00:00Z,Toronto,40.5,38.1,0.0278,0.0275,0.0051,1.27,23.5,65.6,5.6
2025-09-28T02:00:00Z,New York,39.6,53.0,0.0414,0.0472,0.0112,1.17,24.9,54.0,3.8
2025-09-28T02:00:00Z,Los Angeles,38.6,66.3,0.0946,0.0529,0.006,1.1,25.7,74.2,5.3
2025-09-28T02:00:00Z,Chicago,27.5,37.0,0.0404,0.0362,0.0085,1.29,19.1,72.3,4.8
2025-09-28T02:00:00Z,Mexico City,64.3,82.2,0.0828,0.0506,0.0103,1.37,25.6,65.5,2.1
2025-09-28T03:00:00Z,Toronto,35.9,39.1,0.0283,0.0397,0.011,1.19,19.1,64.8,3.2
2025-09-28T03:00:00Z,New York,42.0,50.6,0.0696,0.0384,0.0089,0.88,25.2,52.5,4.6
2025-09-28T03:00:00Z,Los Angeles,37.4,63.1,0.0964,0.0513,0.0071,1.01,18.8,55.2,2.5
2025-09-28T03:00:00Z,Chicago,41.9,39.7,0.0495,0.0265,0.0071,1.36,17.7,54.9,2.5
2025-09-28T03:00:00Z,Mexico City,64.3,84.7,0.0989,0.0489,0.0048,1.24,24.0,48.7,4.6
2025-09-28T04:00:00Z,Toronto,33.6,56.2,0.0311,0.031,0.0106,1.28,26.6,71.5,2.3
2025-09-28T04:00:00Z,New York,47.2,45.6,0.0699,0.041,0.0044,0.92,21.2,46.4,3.7
2025-09-28T04:00:00Z,Los Angeles,49.3,69.1,0.068,0.0424,0.0058,1.29,19.1,68.0,2.7
2025-09-28T04:00:00Z,Chicago,35.8,43.3,0.0624,0.0361,0.0087,1.3,17.8,49.0,6.0
2025-09-28T04:00:00Z,Mexico City,58.4,83.7,0.0995,0.05,0.0113,1.2,19.9,45.5,5.5
2025-09-28T05:00:00Z,Toronto,25.6,36.3,0.0229,0.0245,0.0086,1.23,24.7,48.7,4.8
2025-09-28T05:00:00Z,New York,33.5,53.3,0.0551,0.0479,0.01,1.45,20.4,56.6,2.5
2025-09-28T05:00:00Z,Los Angeles,52.4,64.8,0.0649,0.0413,0.0075,0.98,25.4,48.6,3.6
2025-09-28T05:00:00Z,Chicago,38.7,55.3,0.0331,0.0264,0.0047,1.33,26.4,68.8,4.9
2025-09-28T05:00:00Z,Mexico City,51.5,83.7,0.0887,0.0479,0.0056,1.17,22.6,74.0,2.9
2025-09-28T06:00:00Z,Toronto,37.4,67.0,0.0592,0.0306,0.0108,1.31,21.8,61.9,4.9
2025-09-28T06:00:00Z,New York,44.4,61.8,0.0358,0.0377,0.0062,1.27,21.3,70.0,3.2
2025-09-28T06:00:00Z,Los Angeles,45.6,63.1,0.0847,0.0507,0.0082,0.95,17.5,74.2,2.6
2025-09-28T06:00:00Z,Chicago,44.6,70.4,0.0553,0.0438,0.0091,1.24,21.1,68.6,3.6
2025-09-28T06:00:00Z,Mexico City,66.4,100.0,0.0905,0.0495,0.0106,1.32,23.4,74.1,5.9
2025-09-28T07:00:00Z,Toronto,34.0,61.4,0.0255,0.0467,0.006,1.21,26.7,55.6,2.3
2025-09-28T07:00:00Z,New York,52.1,59.8,0.0419,0.0539,0.0079,1.31,20.0,65.5,5.1
2025-09-28T07:00:00Z,Los Angeles,49.1,84.4,0.0884,0.0592,0.0094,1.51,26.3,68.6,4.0
2025-09-28T07:00:00Z,Chicago,48.6,65.0,0.0469,0.0354,0.01,1.23,22.1,49.9,3.1
2025-09-28T07:00:00Z,Mexico City,72.9,101.5,0.094,0.0603,0.0058,1.46,18.5,50.4,5.0
2025-09-28T08:00:00Z,Toronto,34.9,52.8,0.038,0.0337,0.0104,1.66,18.7,60.6,5.9
2025-09-28T08:00:00Z,New York,52.0,74.1,0.0654,0.0469,0.0058,1.59,25.8,51.7,5.6
2025-09-28T08:00:00Z,Los Angeles,47.3,68.1,0.0768,0.0577,0.011,1.35,19.3,58.3,2.7
2025-09-28T08:00:00Z,Chicago,44.9,48.5,0.0409,0.0365,0.0042,1.33,22.0,53.3,2.3
2025-09-28T08:00:00Z,Mexico City,57.0,87.6,0.1126,0.0647,0.0087,1.71,17.5,64.5,6.0
2025-09-28T09:00:00Z,Toronto,46.6,55.1,0.0484,0.0334,0.0058,1.79,24.4,47.8,4.4
2025-09-28T09:00:00Z,New York,43.4,65.1,0.036,0.0529,0.0115,1.55,17.9,52.3,1.2
2025-09-28T09:00:00Z,Los Angeles,47.9,74.0,0.0875,0.0538,0.0044,1.79,25.9,45.2,4.5
2025-09-28T09:00:00Z,Chicago,35.2,63.4,0.0353,0.0416,0.007,1.5,24.7,46.8,4.2
2025-09-28T09:00:00Z,Mexico City,70.0,101.3,0.0767,0.0632,0.0069,1.21,22.1,71.0,5.4
2025-09-28T10:00:00Z,Toronto,36.4,65.1,0.0853,0.0281,0.0095,1.07,27.5,39.5,5.8
2025-09-28T10:00:00Z,New York,47.2,54.1,0.0721,0.0354,0.0062,1.37,24.8,47.1,2.5
2025-09-28T10:00:00Z,Los Angeles,56.0,67.5,0.1126,0.0428,0.0063,1.28,28.4,30.3,2.7
2025-09-28T10:00:00Z,Chicago,49.8,47.1,0.0812,0.0385,0.0055,1.25,25.8,33.5,3.0
2025-09-28T10:00:00Z,Mexico City,68.2,87.1,0.1262,0.0426,0.0078,1.38,31.0,32.3,1.9
2025-09-28T11:00:00Z,Toronto,41.4,64.7,0.0479,0.0296,0.0109,1.32,27.8,32.0,2.2
2025-09-28T11:00:00Z,New York,47.8,64.1,0.0633,0.0415,0.0083,1.44,25.3,26.8,3.4
2025-09-28T11:00:00Z,Los Angeles,45.4,84.2,0.0877,0.053,0.009,1.09,24.0,37.9,2.1
2025-09-28T11:00:00Z,Chicago,49.0,48.9,0.0736,0.0361,0.0047,1.42,24.9,50.1,3.3
2025-09-28T11:00:00Z,Mexico City,67.9,90.5,0.1358,0.051,0.0118,1.06,28.5,30.9,5.4
2025-09-28T12:00:00Z,Toronto,37.9,56.7,0.0547,0.0377,0.0112,1.4,24.7,51.8,6.0
2025-09-28T12:00:00Z,New York,43.2,59.2,0.0688,0.0428,0.0092,1.25,29.4,25.9,3.6
2025-09-28T12:00:00Z,Los Angeles,59.6,61.4,0.0884,0.0451,0.0074,1.36,32.1,44.7,3.3
2025-09-28T12:00:00Z,Chicago,49.7,49.2,0.0844,0.0331,0.0096,1.25,24.0,27.4,5.0
2025-09-28T12:00:00Z,Mexico City,63.8,98.2,0.0993,0.0477,0.006,1.38,29.8,42.4,2.9
2025-09-28T13:00:00Z,Toronto,41.3,53.5,0.0523,0.0345,0.0049,1.01,28.5,27.6,3.5
2025-09-28T13:00:00Z,New York,39.5,70.2,0.0974,0.0309,0.0088,1.15,25.1,47.7,2.7
2025-09-28T13:00:00Z,Los Angeles,54.9,65.7,0.107,0.0484,0.0065,1.36,29.4,41.4,4.5
2025-09-28T13:00:00Z,Chicago,50.1,66.7,0.063,0.0433,0.0114,0.91,30.1,43.6,2.7
2025-09-28T13:00:00Z,Mexico City,58.0,82.0,0.1223,0.0435,0.0093,1.08,27.7,37.7,4.4
2025-09-28T14:00:00Z,Toronto,37.2,58.6,0.0762,0.0302,0.0048,1.12,30.8,40.0,1.7
2025-09-28T14:00:00Z,New York,55.4,70.6,0.0658,0.0418,0.0042,0.87,32.0,50.9,2.5
2025-09-28T14:00:00Z,Los Angeles,47.9,69.3,0.1136,0.0369,0.0116,1.11,31.6,27.7,3.2
2025-09-28T14:00:00Z,Chicago,39.1,69.9,0.0606,0.0302,0.01,0.9,27.6,47.9,4.4
2025-09-28T14:00:00Z,Mexico City,62.1,90.4,0.1003,0.0488,0.0053,1.33,32.9,49.8,4.2
2025-09-28T15:00:00Z,Toronto,33.8,43.0,0.061,0.0292,0.0062,1.29,25.6,33.0,6.0
2025-09-28T15:00:00Z,New York,46.1,58.6,0.066,0.0439,0.0093,1.22,23.4,54.6,3.6
2025-09-28T15:00:00Z,Los Angeles,49.4,75.0,0.1206,0.0351,0.0107,0.89,28.3,49.6,6.2
2025-09-28T15:00:00Z,Chicago,35.2,56.7,0.0715,0.0303,0.0082,0.87,29.3,50.6,3.8
2025-09-28T15:00:00Z,Mexico City,66.3,89.8,0.1347,0.0433,0.0089,0.87,28.2,25.1,2.4
2025-09-28T16:00:00Z,Toronto,43.9,56.3,0.059,0.0403,0.0046,1.22,30.4,38.4,3.1
2025-09-28T16:00:00Z,New York,55.1,76.0,0.0847,0.0385,0.0074,0.87,23.2,37.4,5.0
2025-09-28T16:00:00Z,Los Angeles,52.9,67.5,0.0848,0.048,0.0107,1.31,31.0,31.9,2.5
2025-09-28T16:00:00Z,Chicago,39.1,51.2,0.0694,0.0248,0.0074,0.86,32.6,28.8,1.3
2025-09-28T16:00:00Z,Mexico City,69.8,96.9,0.1346,0.0516,0.0047,1.2,28.6,54.3,2.9
2025-09-28T17:00:00Z,Toronto,47.1,49.8,0.0361,0.0464,0.0095,1.69,19.8,54.8,4.2
2025-09-28T17:00:00Z,New York,40.3,68.8,0.0599,0.0493,0.0073,1.43,21.9,69.5,3.6
2025-09-28T17:00:00Z,Los Angeles,50.2,75.2,0.0876,0.0466,0.0105,1.3,21.6,63.8,4.8
2025-09-28T17:00:00Z,Chicago,37.0,58.4,0.0373,0.0423,0.0066,1.63,24.1,54.9,6.2
2025-09-28T17:00:00Z,Mexico City,72.9,99.7,0.1063,0.0555,0.009,1.34,17.8,67.3,2.7
2025-09-28T18:00:00Z,Toronto,34.1,54.7,0.0373,0.0463,0.0066,1.24,20.5,58.5,3.2
2025-09-28T18:00:00Z,New York,39.5,75.2,0.0407,0.0442,0.0089,1.43,21.8,67.4,6.2
2025-09-28T18:00:00Z,Los Angeles,53.3,83.3,0.0888,0.0489,0.0099,1.54,25.2,61.3,4.1
2025-09-28T18:00:00Z,Chicago,43.9,48.4,0.0652,0.0388,0.0084,1.65,25.8,64.5,3.4
2025-09-28T18:00:00Z,Mexico City,58.0,79.1,0.1033,0.0649,0.0093,1.39,27.4,54.9,3.4
2025-09-28T19:00:00Z,Toronto,46.7,59.3,0.038,0.0427,0.0101,1.52,18.8,50.0,5.8
2025-09-28T19:00:00Z,New York,46.1,60.5,0.0659,0.0416,0.0107,1.36,25.4,69.6,3.1
2025-09-28T19:00:00Z,Los Angeles,59.9,69.0,0.0741,0.0473,0.0064,1.25,25.1,57.2,1.8
2025-09-28T19:00:00Z,Chicago,43.7,52.0,0.0262,0.0486,0.0109,1.67,24.7,48.8,1.6
2025-09-28T19:00:00Z,Mexico City,73.0,99.2,0.0963,0.0629,0.0088,1.43,22.1,71.5,3.1
2025-09-28T20:00:00Z,Toronto,46.2,46.0,0.0586,0.0222,0.0078,1.2,18.1,49.3,3.9
2025-09-28T20:00:00Z,New York,43.1,63.0,0.043,0.0374,0.0067,1.44,26.7,64.2,4.1
2025-09-28T20:00:00Z,Los Angeles,52.9,83.4,0.0704,0.0358,0.0059,1.22,26.1,69.8,3.7
2025-09-28T20:00:00Z,Chicago,41.2,63.5,0.0345,0.0356,0.006,1.15,26.6,59.9,2.7
2025-09-28T20:00:00Z,Mexico City,65.5,92.1,0.0752,0.0469,0.0071,0.85,27.0,59.1,4.3
2025-09-28T21:00:00Z,Toronto,40.8,52.1,0.038,0.0306,0.0048,1.01,23.0,46.4,2.3
2025-09-28T21:00:00Z,New York,45.0,75.6,0.0544,0.0296,0.007,1.04,25.2,60.8,3.7
2025-09-28T21:00:00Z,Los Angeles,55.4,60.5,0.0789,0.0441,0.007,0.87,22.8,72.0,4.0
2025-09-28T21:00:00Z,Chicago,49.4,50.6,0.0264,0.0269,0.0115,1.4,25.1,56.5,1.4
2025-09-28T21:00:00Z,Mexico City,62.7,98.7,0.0795,0.0473,0.0105,1.35,22.9,72.2,4.3
2025-09-28T22:00:00Z,Toronto,41.1,47.0,0.0582,0.0297,0.0092,0.86,23.6,46.6,3.0
2025-09-28T22:00:00Z,New York,46.9,71.7,0.0606,0.0382,0.009,0.88,25.4,45.9,3.2
2025-09-28T22:00:00Z,Los Angeles,57.9,83.6,0.0871,0.0545,0.0075,1.34,22.4,66.5,2.2
2025-09-28T22:00:00Z,Chicago,41.4,52.8,0.0315,0.0376,0.0109,1.25,21.7,45.1,4.6
2025-09-28T22:00:00Z,Mexico City,63.6,93.8,0.1096,0.0485,0.0088,0.92,25.0,61.0,3.7
2025-09-28T23:00:00Z,Toronto,30.2,51.2,0.0506,0.0251,0.0117,1.24,26.7,47.6,2.6
2025-09-28T23:00:00Z,New York,37.9,50.7,0.0355,0.0319,0.0047,1.09,25.7,63.8,5.4
2025-09-28T23:00:00Z,Los Angeles,40.0,63.1,0.0699,0.0498,0.006,1.38,23.6,48.1,2.2
2025-09-28T23:00:00Z,Chicago,32.8,53.2,0.027,0.0302,0.0103,0.93,20.4,57.6,4.4
2025-09-28T23:00:00Z,Mexico City,60.4,76.8,0.0754,0.0444,0.0064,1.21,22.9,61.8,4.3
2025-09-29T00:00:00Z,Toronto,25.4,37.0,0.0238,0.0389,0.0059,1.42,19.6,47.7,2.2
2025-09-29T00:00:00Z,New York,44.5,53.9,0.0538,0.0392,0.0119,1.18,25.9,72.3,3.1
2025-09-29T00:00:00Z,Los Angeles,53.0,53.6,0.0952,0.0383,0.0048,1.11,21.3,48.3,2.7
2025-09-29T00:00:00Z,Chicago,30.8,38.6,0.0307,0.0296,0.0048,1.08,19.0,63.4,2.9
2025-09-29T00:00:00Z,Mexico City,60.6,86.9,0.1033,0.0403,0.0081,1.2,19.6,67.5,4.5
2025-09-29T01:00:00Z,Toronto,26.9,47.4,0.051,0.0302,0.0045,1.33,21.9,71.4,1.9
2025-09-29T01:00:00Z,New York,34.9,44.9,0.0348,0.0375,0.0115,0.9,18.7,60.8,4.9
2025-09-29T01:00:00Z,Los Angeles,51.2,61.7,0.0906,0.0355,0.0116,1.17,22.4,72.3,4.1
2025-09-29T01:00:00Z,Chicago,34.4,53.7,0.0317,0.0363,0.0086,0.96,18.7,52.6,1.6
2025-09-29T01:00:00Z,Mexico City,56.0,72.2,0.1038,0.0476,0.0051,1.01,19.5,61.3,3.6
2025-09-29T02:00:00Z,Toronto,36.3,54.2,0.0615,0.0413,0.0089,1.44,23.7,45.4,6.3
2025-09-29T02:00:00Z,New York,33.6,51.2,0.0515,0.0327,0.0102,1.05,24.9,69.7,4.6
2025-09-29T02:00:00Z,Los Angeles,44.3,58.8,0.0715,0.042,0.0068,0.98,25.1,71.2,3.7
2025-09-29T02:00:00Z,Chicago,32.0,40.0,0.0441,0.03,0.0101,1.38,27.2,57.3,2.6
2025-09-29T02:00:00Z,Mexico City,58.4,86.5,0.0798,0.0534,0.0041,0.85,24.5,68.1,3.6
2025-09-29T03:00:00Z,Toronto,34.2,49.5,0.0352,0.0254,0.0066,1.17,19.3,72.6,3.3
2025-09-29T03:00:00Z,New York,36.3,60.3,0.0607,0.0429,0.0112,0.94,19.3,62.1,3.8
2025-09-29T03:00:00Z,Los Angeles,48.8,68.7,0.0828,0.036,0.0081,1.44,24.2,63.0,5.1
2025-09-29T03:00:00Z,Chicago,39.4,45.5,0.0652,0.0335,0.0096,1.36,21.2,46.7,5.3
2025-09-29T03:00:00Z,Mexico City,65.3,70.8,0.0833,0.0556,0.0077,1.41,21.8,49.0,5.5
2025-09-29T04:00:00Z,Toronto,38.5,55.8,0.0323,0.0278,0.0069,1.14,26.0,45.9,5.1
2025-09-29T04:00:00Z,New York,43.7,56.8,0.0415,0.0375,0.0079,1.18,23.7,52.0,4.4
2025-09-29T04:00:00Z,Los Angeles,39.6,52.1,0.0952,0.0481,0.0077,1.43,25.3,47.2,3.8
2025-09-29T04:00:00Z,Chicago,37.2,56.8,0.0398,0.0438,0.006,1.15,19.6,67.2,3.1
2025-09-29T04:00:00Z,Mexico City,53.4,80.1,0.0781,0.0514,0.0067,0.89,19.7,58.0,5.4
2025-09-29T05:00:00Z,Toronto,25.9,45.0,0.0316,0.0279,0.0118,1.25,22.1,69.3,5.6
2025-09-29T05:00:00Z,New York,43.7,54.2,0.0631,0.0346,0.0085,1.43,18.0,46.9,6.2
2025-09-29T05:00:00Z,Los Angeles,49.8,67.3,0.0789,0.0478,0.0081,1.31,17.5,47.4,3.3
2025-09-29T05:00:00Z,Chicago,34.5,38.4,0.0415,0.0424,0.0114,1.35,20.8,63.3,4.0
2025-09-29T05:00:00Z,Mexico City,51.9,73.0,0.094,0.0594,0.0101,1.31,26.8,70.9,4.9
2025-09-29T06:00:00Z,Toronto,32.5,61.9,0.0313,0.029,0.0065,1.09,18.0,45.4,3.4
2025-09-29T06:00:00Z,New York,43.6,55.3,0.0371,0.0369,0.0065,1.3,20.4,68.1,3.5
2025-09-29T06:00:00Z,Los Angeles,44.8,67.3,0.0723,0.0526,0.0087,1.12,26.2,72.3,4.1
2025-09-29T06:00:00Z,Chicago,34.7,56.7,0.0459,0.0347,0.0067,1.39,20.0,55.4,3.8
2025-09-29T06:00:00Z,Mexico City,71.1,97.4,0.1127,0.052,0.0045,1.21,17.5,48.2,4.3
2025-09-29T07:00:00Z,Toronto,43.0,66.9,0.0483,0.0468,0.0098,1.58,27.2,70.6,4.5
2025-09-29T07:00:00Z,New York,55.4,73.5,0.0557,0.0402,0.0099,1.49,25.1,58.8,2.7
2025-09-29T07:00:00Z,Los Angeles,53.6,66.0,0.0868,0.053,0.0056,1.4,21.5,66.4,3.8
2025-09-29T07:00:00Z,Chicago,44.0,47.5,0.04,0.0531,0.011,1.38,24.4,64.6,2.0
2025-09-29T07:00:00Z,Mexico City,64.3,80.5,0.0962,0.0605,0.0082,1.25,22.3,53.3,4.2
2025-09-29T08:00:00Z,Toronto,36.5,46.3,0.0521,0.0457,0.0058,1.42,20.1,70.0,3.7
2025-09-29T08:00:00Z,New York,42.7,55.2,0.0385,0.044,0.0054,1.31,20.3,72.6,1.5
2025-09-29T08:00:00Z,Los Angeles,55.7,72.0,0.0582,0.0571,0.0063,1.72,19.2,69.7,3.3
2025-09-29T08:00:00Z,Chicago,39.5,67.5,0.0505,0.0518,0.011,1.51,24.7,71.2,2.8
2025-09-29T08:00:00Z,Mexico City,69.6,79.3,0.078,0.0515,0.0107,1.71,20.6,60.8,3.9
2025-09-29T09:00:00Z,Toronto,41.9,59.4,0.0259,0.0434,0.0103,1.37,26.5,65.8,2.4
2025-09-29T09:00:00Z,New York,43.4,76.1,0.0408,0.047,0.0042,1.54,23.8,54.7,4.9
2025-09-29T09:00:00Z,Los Angeles,48.6,66.6,0.0856,0.0479,0.0104,1.46,25.7,45.2,4.0
2025-09-29T09:00:00Z,Chicago,43.9,65.3,0.0583,0.0381,0.0042,1.42,19.7,56.8,5.6
2025-09-29T09:00:00Z,Mexico City,57.1,90.8,0.0843,0.0648,0.0086,1.41,17.6,68.2,3.0
2025-09-29T10:00:00Z,Toronto,36.6,61.2,0.0465,0.0394,0.01,1.19,29.8,43.3,2.7
2025-09-29T10:00:00Z,New York,44.7,76.0,0.0707,0.0402,0.0083,1.15,29.4,26.0,4.3
2025-09-29T10:00:00Z,Los Angeles,46.3,83.8,0.1129,0.041,0.0086,1.13,30.6,38.4,2.8
2025-09-29T10:00:00Z,Chicago,46.7,57.7,0.0883,0.0269,0.0078,1.32,30.7,54.8,3.8
2025-09-29T10:00:00Z,Mexico City,58.6,94.0,0.1273,0.0575,0.0111,1.4,25.9,39.8,2.6
2025-09-29T11:00:00Z,Toronto,45.8,52.7,0.0857,0.0408,0.0086,1.11,26.3,45.5,6.3
2025-09-29T11:00:00Z,New York,49.9,74.7,0.0878,0.0335,0.0115,1.05,29.0,31.8,4.1
2025-09-29T11:00:00Z,Los Angeles,54.6,64.9,0.0858,0.0462,0.0056,1.26,25.2,25.4,3.9
2025-09-29T11:00:00Z,Chicago,39.0,53.2,0.0811,0.039,0.0063,1.14,30.8,34.7,2.2
2025-09-29T11:00:00Z,Mexico City,57.4,84.2,0.1146,0.0428,0.0106,1.06,25.7,35.2,4.0
2025-09-29T12:00:00Z,Toronto,44.6,43.6,0.0771,0.0395,0.0079,1.18,28.4,27.0,5.6
2025-09-29T12:00:00Z,New York,41.9,61.1,0.06,0.035,0.0049,1.17,24.7,49.0,3.1
2025-09-29T12:00:00Z,Los Angeles,53.2,77.9,0.116,0.0367,0.0065,1.23,24.6,51.2,3.1
2025-09-29T12:00:00Z,Chicago,48.5,52.8,0.0658,0.0333,0.0059,1.21,27.9,35.0,4.9
2025-09-29T12:00:00Z,Mexico City,63.4,99.8,0.1291,0.0515,0.0065,0.99,32.1,50.1,5.4
2025-09-29T13:00:00Z,Toronto,40.6,56.4,0.0813,0.0297,0.0091,1.03,31.6,35.8,4.6
2025-09-29T13:00:00Z,New York,45.9,73.2,0.072,0.0367,0.0056,1.04,31.7,47.0,5.9
2025-09-29T13:00:00Z,Los Angeles,51.3,75.4,0.1062,0.0535,0.0104,1.32,26.0,47.8,2.8
2025-09-29T13:00:00Z,Chicago,48.5,68.5,0.0728,0.0412,0.0046,1.19,24.2,49.9,4.6
2025-09-29T13:00:00Z,Mexico City,62.7,101.6,0.1083,0.0569,0.0045,1.06,32.8,28.8,5.3
2025-09-29T14:00:00Z,Toronto,32.8,60.1,0.0481,0.0366,0.0066,1.23,25.0,41.3,5.9
2025-09-29T14:00:00Z,New York,42.7,54.1,0.0615,0.0448,0.0089,0.89,27.2,47.3,3.2
2025-09-29T14:00:00Z,Los Angeles,57.4,78.1,0.0873,0.0382,0.0109,1.34,30.7,33.3,2.9
2025-09-29T14:00:00Z,Chicago,39.4,55.8,0.0886,0.0284,0.0104,1.32,23.5,37.2,2.2
2025-09-29T14:00:00Z,Mexico City,65.5,93.4,0.1079,0.0443,0.0108,0.88,23.9,48.6,2.3
2025-09-29T15:00:00Z,Toronto,35.9,59.5,0.0756,0.0229,0.0091,0.87,30.7,43.6,4.1
2025-09-29T15:00:00Z,New York,47.1,70.7,0.0812,0.044,0.0046,0.93,26.2,41.6,6.3
2025-09-29T15:00:00Z,Los Angeles,53.0,64.7,0.0976,0.0445,0.0049,1.04,27.0,35.7,3.5
2025-09-29T15:00:00Z,Chicago,37.7,67.3,0.057,0.0377,0.0116,1.0,32.4,32.7,5.6
2025-09-29T15:00:00Z,Mexico City,70.7,93.5,0.1214,0.0487,0.0099,1.26,30.1,53.8,3.2
2025-09-29T16:00:00Z,Toronto,45.1,51.8,0.0713,0.0388,0.0084,1.02,26.3,52.2,3.2
2025-09-29T16:00:00Z,New York,40.2,59.4,0.0672,0.033,0.0111,1.28,31.2,26.6,3.2
2025-09-29T16:00:00Z,Los Angeles,44.6,80.9,0.1159,0.0407,0.0043,1.35,31.2,52.2,3.7
2025-09-29T16:00:00Z,Chicago,37.4,65.9,0.0747,0.0371,0.0109,1.08,32.7,43.2,5.5
2025-09-29T16:00:00Z,Mexico City,65.1,95.1,0.1111,0.0497,0.0096,1.31,28.9,37.2,1.7
2025-09-29T17:00:00Z,Toronto,37.6,47.2,0.0515,0.0413,0.0078,1.66,26.5,68.0,4.1
2025-09-29T17:00:00Z,New York,48.7,72.9,0.036,0.0478,0.0073,1.53,26.8,64.2,2.7
2025-09-29T17:00:00Z,Los Angeles,45.6,66.6,0.0914,0.0628,0.0098,1.24,25.1,72.1,4.0
2025-09-29T17:00:00Z,Chicago,47.6,54.9,0.0517,0.0379,0.0087,1.41,24.7,48.3,5.7
2025-09-29T17:00:00Z,Mexico City,60.3,85.8,0.0779,0.0517,0.0076,1.26,22.2,49.0,1.9
2025-09-29T18:00:00Z,Toronto,39.7,53.2,0.0269,0.045,0.007,1.51,25.1,70.8,4.6
2025-09-29T18:00:00Z,New York,50.9,64.1,0.0729,0.0473,0.0069,1.73,21.1,70.3,4.9
2025-09-29T18:00:00Z,Los Angeles,47.3,74.6,0.074,0.052,0.0094,1.62,22.9,53.1,2.6
2025-09-29T18:00:00Z,Chicago,43.9,64.9,0.0518,0.0384,0.0065,1.43,22.4,61.1,2.3
2025-09-29T18:00:00Z,Mexico City,60.2,92.4,0.0873,0.0539,0.0087,1.6,20.3,50.2,2.6
2025-09-29T19:00:00Z,Toronto,38.8,59.8,0.0607,0.0439,0.0105,1.48,18.6,65.5,3.3
2025-09-29T19:00:00Z,New York,40.3,61.7,0.0687,0.0533,0.0104,1.74,26.7,48.5,3.9
2025-09-29T19:00:00Z,Los Angeles,55.6,83.4,0.0599,0.0516,0.0087,1.22,26.2,62.3,4.4
2025-09-29T19:00:00Z,Chicago,37.2,66.7,0.0503,0.0386,0.0098,1.31,24.8,68.3,6.0
2025-09-29T19:00:00Z,Mexico City,57.2,101.9,0.0831,0.0689,0.0069,1.62,22.4,68.3,2.7
2025-09-29T20:00:00Z,Toronto,45.5,45.8,0.0269,0.0366,0.0115,0.94,25.5,50.0,5.3
2025-09-29T20:00:00Z,New York,51.4,66.2,0.0483,0.0468,0.0048,1.3,23.7,48.0,2.1
2025-09-29T20:00:00Z,Los Angeles,47.1,73.3,0.0652,0.0419,0.0094,1.11,23.4,54.6,4.9
2025-09-29T20:00:00Z,Chicago,45.2,51.0,0.0368,0.0333,0.0088,1.38,21.9,61.5,3.6
2025-09-29T20:00:00Z,Mexico City,64.2,86.9,0.0904,0.0509,0.0068,1.06,18.2,67.0,3.5
2025-09-29T21:00:00Z,Toronto,43.4,64.5,0.0339,0.0318,0.0077,0.86,25.7,74.1,2.6
2025-09-29T21:00:00Z,New York,45.5,53.8,0.0354,0.0445,0.004,1.05,20.4,69.7,3.6
2025-09-29T21:00:00Z,Los Angeles,45.8,76.3,0.0857,0.0357,0.0117,1.26,22.5,49.5,3.4
2025-09-29T21:00:00Z,Chicago,42.4,58.5,0.0437,0.0295,0.0054,1.23,20.9,69.8,4.4
2025-09-29T21:00:00Z,Mexico City,66.1,83.7,0.0742,0.043,0.006,1.45,17.6,45.6,4.5
2025-09-29T22:00:00Z,Toronto,43.8,50.2,0.0506,0.0288,0.0106,1.1,18.5,57.0,5.6
2025-09-29T22:00:00Z,New York,46.0,57.3,0.0495,0.0295,0.005,1.22,19.2,64.5,2.4
2025-09-29T22:00:00Z,Los Angeles,50.4,83.6,0.0802,0.0483,0.0099,1.33,25.0,48.6,3.0
2025-09-29T22:00:00Z,Chicago,46.4,67.1,0.0377,0.0292,0.0046,1.15,18.3,47.6,4.0
2025-09-29T22:00:00Z,Mexico City,72.5,84.6,0.0885,0.0483,0.0093,1.11,20.9,63.5,3.2
2025-09-29T23:00:00Z,Toronto,24.5,41.1,0.054,0.0346,0.0111,1.06,23.2,72.8,3.3
2025-09-29T23:00:00Z,New York,34.9,57.6,0.0711,0.0479,0.0058,1.21,21.9,60.2,4.6
2025-09-29T23:00:00Z,Los Angeles,39.6,56.3,0.0784,0.0443,0.0083,0.97,25.2,48.3,4.8
2025-09-29T23:00:00Z,Chicago,41.0,39.8,0.0527,0.0413,0.0061,1.42,19.5,73.4,2.7
2025-09-29T23:00:00Z,Mexico City,50.4,83.1,0.0914,0.046,0.0114,1.03,23.8,59.4,3.1
2025-09-30T00:00:00Z,Toronto,33.6,49.4,0.0615,0.0249,0.0099,1.11,19.7,58.4,4.5
2025-09-30T00:00:00Z,New York,40.0,62.4,0.0656,0.0378,0.0058,0.98,20.0,46.1,4.6
2025-09-30T00:00:00Z,Los Angeles,47.7,55.6,0.0921,0.0498,0.0066,1.4,18.1,64.9,4.2
2025-09-30T00:00:00Z,Chicago,36.9,56.2,0.0417,0.0403,0.0093,1.11,26.9,70.0,2.8
2025-09-30T00:00:00Z,Mexico City,64.9,90.0,0.0987,0.0477,0.004,1.27,25.4,49.3,5.9
2025-09-30T01:00:00Z,Toronto,36.2,46.2,0.0596,0.0266,0.0083,1.24,25.5,45.9,4.9
2025-09-30T01:00:00Z,New York,36.0,48.4,0.035,0.0477,0.0118,1.41,24.7,50.8,3.1
2025-09-30T01:00:00Z,Los Angeles,37.6,62.6,0.0703,0.0428,0.0049,0.87,25.2,54.8,5.2
2025-09-30T01:00:00Z,Chicago,33.7,55.4,0.0595,0.0414,0.0051,1.23,18.1,72.0,5.3
2025-09-30T01:00:00Z,Mexico City,60.8,88.0,0.0992,0.0512,0.0109,0.89,23.6,47.9,5.1
2025-09-30T02:00:00Z,Toronto,25.7,38.6,0.0289,0.0343,0.0054,1.05,20.4,73.1,4.2
2025-09-30T02:00:00Z,New York,36.8,46.2,0.0679,0.0342,0.0118,1.04,24.5,51.7,6.4
2025-09-30T02:00:00Z,Los Angeles,40.9,65.5,0.0907,0.0371,0.0044,1.2,27.1,53.0,5.0
2025-09-30T02:00:00Z,Chicago,35.8,43.8,0.0451,0.0307,0.0105,1.32,21.7,52.1,5.9
2025-09-30T02:00:00Z,Mexico City,62.2,84.8,0.0747,0.0535,0.0112,1.17,24.1,45.2,4.5
2025-09-30T03:00:00Z,Toronto,29.4,40.2,0.0406,0.0321,0.0042,0.99,26.7,59.3,5.1
2025-09-30T03:00:00Z,New York,37.0,45.4,0.037,0.0316,0.0071,1.22,17.7,75.0,5.7
2025-09-30T03:00:00Z,Los Angeles,52.8,68.5,0.0611,0.0507,0.0099,1.42,26.3,69.3,2.3
2025-09-30T03:00:00Z,Chicago,35.4,43.4,0.0544,0.0431,0.0105,1.24,21.9,67.0,5.6
2025-09-30T03:00:00Z,Mexico City,63.0,86.3,0.1019,0.047,0.0095,0.91,21.6,52.6,3.5
2025-09-30T04:00:00Z,Toronto,35.1,55.6,0.0488,0.0241,0.0083,1.32,21.9,58.9,5.8
2025-09-30T04:00:00Z,New York,40.8,50.5,0.0676,0.031,0.004,1.01,21.2,46.8,4.3
2025-09-30T04:00:00Z,Los Angeles,39.6,51.6,0.082,0.041,0.0046,1.13,20.9,49.3,5.5
2025-09-30T04:00:00Z,Chicago,33.9,43.8,0.0402,0.0275,0.0084,1.25,27.4,66.5,4.2
2025-09-30T04:00:00Z,Mexico City,51.4,68.3,0.075,0.0521,0.0051,1.07,25.7,47.5,3.6
2025-09-30T05:00:00Z,Toronto,33.8,44.8,0.0443,0.0356,0.005,1.26,19.9,70.7,5.6
2025-09-30T05:00:00Z,New York,36.5,62.5,0.0633,0.0479,0.0069,1.26,24.9,59.6,3.3
2025-09-30T05:00:00Z,Los Angeles,47.4,70.3,0.0789,0.0384,0.0044,1.33,23.8,56.2,1.0
2025-09-30T05:00:00Z,Chicago,32.0,44.9,0.044,0.0349,0.0101,1.4,22.7,48.4,5.0
2025-09-30T05:00:00Z,Mexico City,52.3,77.6,0.0948,0.0572,0.0052,0.89,20.3,71.9,5.3
2025-09-30T06:00:00Z,Toronto,38.5,51.1,0.0592,0.0359,0.0097,0.89,18.2,52.6,3.3
2025-09-30T06:00:00Z,New York,45.6,75.5,0.0587,0.0429,0.0119,1.41,20.6,65.4,4.6
2025-09-30T06:00:00Z,Los Angeles,53.8,71.8,0.0737,0.0416,0.0111,1.09,24.0,53.2,3.9
2025-09-30T06:00:00Z,Chicago,35.1,67.1,0.0312,0.0398,0.0044,0.93,17.7,46.4,4.8
2025-09-30T06:00:00Z,Mexico City,57.5,84.2,0.1065,0.0474,0.0058,0.92,27.0,56.7,6.5
2025-09-30T07:00:00Z,Toronto,45.0,54.9,0.0343,0.0361,0.007,1.44,26.7,47.0,2.6
2025-09-30T07:00:00Z,New York,53.2,57.7,0.0693,0.0587,0.0072,1.31,23.4,60.7,3.7
2025-09-30T07:00:00Z,Los Angeles,57.9,71.9,0.085,0.0454,0.0048,1.69,19.7,64.5,2.8
2025-09-30T07:00:00Z,Chicago,38.9,57.5,0.0417,0.052,0.0056,1.57,17.6,67.8,5.6
2025-09-30T07:00:00Z,Mexico City,58.8,83.8,0.0912,0.0623,0.0079,1.59,19.3,61.3,4.4
2025-09-30T08:00:00Z,Toronto,38.8,45.2,0.0273,0.0454,0.0075,1.45,21.8,51.9,4.8
2025-09-30T08:00:00Z,New York,52.9,58.2,0.0531,0.046,0.011,1.71,25.1,58.7,4.1
2025-09-30T08:00:00Z,Los Angeles,51.0,71.0,0.083,0.0528,0.0073,1.22,27.4,74.5,5.4
2025-09-30T08:00:00Z,Chicago,49.8,63.2,0.0341,0.0482,0.006,1.39,17.9,70.5,6.3
2025-09-30T08:00:00Z,Mexico City,64.5,86.2,0.1066,0.0692,0.0118,1.51,21.8,64.3,2.7
2025-09-30T09:00:00Z,Toronto,38.5,57.3,0.0426,0.0374,0.0114,1.29,18.4,52.7,4.1
2025-09-30T09:00:00Z,New York,44.0,73.9,0.0401,0.0409,0.0057,1.41,27.1,62.4,4.1
2025-09-30T09:00:00Z,Los Angeles,52.2,64.1,0.0887,0.0625,0.0105,1.35,20.9,50.3,4.1
2025-09-30T09:00:00Z,Chicago,50.3,64.0,0.026,0.0461,0.0044,1.25,21.0,53.4,5.1
2025-09-30T09:00:00Z,Mexico City,67.8,100.1,0.1126,0.0625,0.0111,1.24,26.4,68.4,4.6
2025-09-30T10:00:00Z,Toronto,42.6,60.6,0.0597,0.0324,0.0066,1.12,29.4,51.0,6.6
2025-09-30T10:00:00Z,New York,41.7,69.2,0.0903,0.0494,0.0059,1.09,26.2,47.6,3.2
2025-09-30T10:00:00Z,Los Angeles,57.0,66.3,0.1092,0.0489,0.0087,0.98,24.4,32.2,3.8
2025-09-30T10:00:00Z,Chicago,43.3,46.7,0.0527,0.0372,0.0053,1.06,23.5,43.2,3.6
2025-09-30T10:00:00Z,Mexico City,66.0,82.6,0.1106,0.0589,0.0114,1.31,29.4,29.3,4.9
2025-09-30T11:00:00Z,Toronto,34.9,44.6,0.0504,0.0245,0.0092,1.04,27.4,46.9,1.4
2025-09-30T11:00:00Z,New York,47.9,77.4,0.0762,0.0312,0.0062,1.11,23.1,32.0,2.4
2025-09-30T11:00:00Z,Los Angeles,47.7,72.4,0.1152,0.0542,0.0072,1.12,32.6,53.5,5.5
2025-09-30T11:00:00Z,Chicago,38.6,65.2,0.0546,0.0253,0.0093,1.17,32.6,46.7,4.4
2025-09-30T11:00:00Z,Mexico City,59.7,82.5,0.1173,0.0577,0.0069,1.26,27.0,28.0,2.7
2025-09-30T12:00:00Z,Toronto,45.6,63.3,0.0745,0.0356,0.0068,0.97,23.9,38.8,3.1
2025-09-30T12:00:00Z,New York,43.3,62.9,0.0675,0.031,0.0078,1.16,32.2,27.4,6.1
2025-09-30T12:00:00Z,Los Angeles,46.9,74.0,0.085,0.0418,0.0119,1.01,31.1,42.1,4.0
2025-09-30T12:00:00Z,Chicago,50.2,57.1,0.0718,0.0352,0.0089,0.98,26.7,25.2,5.8
2025-09-30T12:00:00Z,Mexico City,72.0,86.7,0.1274,0.0452,0.009,1.02,32.4,46.8,5.1
2025-09-30T13:00:00Z,Toronto,43.3,51.4,0.0512,0.035,0.0065,1.12,28.2,32.6,3.0
2025-09-30T13:00:00Z,New York,55.0,53.6,0.0787,0.0395,0.0041,1.31,31.6,47.1,3.4
2025-09-30T13:00:00Z,Los Angeles,51.1,61.1,0.1041,0.039,0.0101,1.37,25.7,31.4,6.0
2025-09-30T13:00:00Z,Chicago,45.5,70.4,0.051,0.0345,0.0115,0.9,31.7,32.6,4.2
2025-09-30T13:00:00Z,Mexico City,72.9,85.0,0.1149,0.0419,0.0103,1.43,31.9,32.1,5.4
2025-09-30T14:00:00Z,Toronto,44.6,48.7,0.0701,0.0387,0.0073,1.28,31.1,46.0,3.7
2025-09-30T14:00:00Z,New York,53.0,57.6,0.0868,0.0358,0.0057,0.88,23.7,53.2,2.4
2025-09-30T14:00:00Z,Los Angeles,51.1,82.1,0.1091,0.035,0.0071,0.87,24.1,45.2,5.6
2025-09-30T14:00:00Z,Chicago,39.8,46.6,0.0701,0.0315,0.0055,1.15,27.5,26.3,5.8
2025-09-30T14:00:00Z,Mexico City,66.4,92.1,0.1084,0.0469,0.0116,1.36,25.3,32.4,6.7
2025-09-30T15:00:00Z,Toronto,47.5,44.0,0.0548,0.0329,0.0106,1.44,23.6,26.6,5.6
2025-09-30T15:00:00Z,New York,41.7,55.7,0.0969,0.034,0.0082,1.28,25.1,44.1,3.2
2025-09-30T15:00:00Z,Los Angeles,44.8,71.2,0.1175,0.0491,0.0072,1.2,28.3,38.8,4.5
2025-09-30T15:00:00Z,Chicago,42.6,58.4,0.0787,0.0386,0.005,0.88,27.5,37.4,5.3
2025-09-30T15:00:00Z,Mexico City,71.9,100.5,0.1186,0.0577,0.0051,1.18,27.2,39.4,1.8
2025-09-30T16:00:00Z,Toronto,45.1,54.9,0.0527,0.0232,0.0068,1.08,23.8,32.8,3.2
2025-09-30T16:00:00Z,New York,45.0,71.9,0.0745,0.0446,0.0059,0.88,30.8,31.7,5.8
2025-09-30T16:00:00Z,Los Angeles,45.0,73.3,0.1207,0.0541,0.0084,1.36,23.4,33.3,4.3
2025-09-30T16:00:00Z,Chicago,45.0,55.3,0.0565,0.0359,0.0099,1.37,31.5,52.9,3.0
2025-09-30T16:00:00Z,Mexico City,58.1,82.2,0.121,0.0447,0.004,1.22,25.9,46.9,3.3
2025-09-30T17:00:00Z,Toronto,32.8,48.9,0.0396,0.04,0.0108,1.28,20.2,54.3,3.1
2025-09-30T17:00:00Z,New York,43.4,66.2,0.0551,0.0567,0.0116,1.32,25.1,65.9,2.8
2025-09-30T17:00:00Z,Los Angeles,59.7,82.1,0.0881,0.0574,0.0067,1.29,23.2,71.6,6.4
2025-09-30T17:00:00Z,Chicago,36.3,51.2,0.0556,0.0479,0.0102,1.64,26.6,48.6,4.8
2025-09-30T17:00:00Z,Mexico City,65.4,90.9,0.0788,0.0586,0.0069,1.57,23.5,54.4,4.2
2025-09-30T18:00:00Z,Toronto,41.9,52.6,0.0472,0.0468,0.0067,1.66,24.9,51.6,3.6
2025-09-30T18:00:00Z,New York,39.7,70.0,0.0375,0.0449,0.0108,1.46,21.0,57.0,4.2
2025-09-30T18:00:00Z,Los Angeles,46.6,65.0,0.089,0.0493,0.01,1.41,20.4,54.0,2.8
2025-09-30T18:00:00Z,Chicago,50.1,62.0,0.0653,0.0424,0.0084,1.25,18.6,69.8,1.9
2025-09-30T18:00:00Z,Mexico City,71.0,88.2,0.1113,0.0579,0.0068,1.47,25.8,51.4,6.0
2025-09-30T19:00:00Z,Toronto,42.1,62.4,0.0233,0.0411,0.0044,1.31,18.6,63.2,5.2
2025-09-30T19:00:00Z,New York,43.7,68.0,0.0596,0.0556,0.0071,1.52,20.9,70.0,4.3
2025-09-30T19:00:00Z,Los Angeles,52.9,80.1,0.0974,0.0503,0.0112,1.78,21.7,52.2,1.9
2025-09-30T19:00:00Z,Chicago,42.0,58.4,0.0358,0.0373,0.0079,1.35,21.4,71.0,4.7
2025-09-30T19:00:00Z,Mexico City,59.6,90.5,0.0825,0.0684,0.0066,1.35,25.7,54.0,4.9
2025-09-30T20:00:00Z,Toronto,45.7,49.8,0.0311,0.028,0.005,1.07,23.3,48.2,6.0
2025-09-30T20:00:00Z,New York,48.5,59.9,0.0732,0.0412,0.0115,1.16,23.4,68.2,5.0
2025-09-30T20:00:00Z,Los Angeles,56.6,65.4,0.0643,0.0524,0.0068,1.3,18.0,68.8,5.6
2025-09-30T20:00:00Z,Chicago,48.1,50.1,0.0372,0.025,0.0108,1.07,25.3,73.2,3.5
2025-09-30T20:00:00Z,Mexico City,71.8,99.3,0.0969,0.0412,0.004,1.26,19.8,52.4,3.0
2025-09-30T21:00:00Z,Toronto,45.9,54.4,0.0421,0.0295,0.0066,1.04,25.0,73.8,3.9
2025-09-30T21:00:00Z,New York,49.2,66.2,0.0643,0.0352,0.0084,1.08,18.7,56.9,2.5
2025-09-30T21:00:00Z,Los Angeles,55.4,73.9,0.0655,0.0425,0.0057,1.11,26.1,58.2,2.2
2025-09-30T21:00:00Z,Chicago,46.8,64.8,0.0486,0.0295,0.006,1.02,22.3,55.4,3.3
2025-09-30T21:00:00Z,Mexico City,64.4,97.8,0.0879,0.0524,0.0078,1.18,17.4,67.0,2.7
2025-09-30T22:00:00Z,Toronto,45.9,45.8,0.0294,0.0331,0.008,0.99,17.6,47.1,1.8
2025-09-30T22:00:00Z,New York,44.1,73.3,0.0448,0.0349,0.0071,0.95,18.9,55.7,3.8
2025-09-30T22:00:00Z,Los Angeles,45.0,68.1,0.0638,0.0534,0.0085,0.97,18.7,67.0,4.7
2025-09-30T22:00:00Z,Chicago,41.4,66.6,0.0608,0.031,0.0043,1.33,22.2,57.7,2.9
2025-09-30T22:00:00Z,Mexico City,59.9,81.4,0.0842,0.052,0.005,0.95,22.9,47.2,3.9
2025-09-30T23:00:00Z,Toronto,30.2,55.7,0.0321,0.0401,0.0101,0.88,22.3,67.8,4.9
2025-09-30T23:00:00Z,New York,41.3,55.6,0.039,0.03,0.0101,0.97,20.8,47.8,4.6
2025-09-30T23:00:00Z,Los Angeles,45.7,59.5,0.0598,0.0388,0.0056,1.13,17.9,52.8,4.2
2025-09-30T23:00:00Z,Chicago,36.3,37.1,0.0369,0.0307,0.0081,1.42,25.9,48.2,3.6
2025-09-30T23:00:00Z,Mexico City,58.1,69.7,0.0997,0.0516,0.005,1.26,19.3,72.6,5.3
2025-10-01T00:00:00Z,Toronto,31.4,53.4,0.0617,0.0321,0.0117,1.19,22.0,53.7,5.6
2025-10-01T00:00:00Z,New York,41.7,52.9,0.0406,0.0433,0.0069,1.18,24.6,72.5,2.9
2025-10-01T00:00:00Z,Los Angeles,50.5,52.8,0.069,0.047,0.0099,1.04,24.6,48.0,4.0
2025-10-01T00:00:00Z,Chicago,29.5,49.3,0.0612,0.0254,0.0069,1.21,25.5,58.9,4.3
2025-10-01T00:00:00Z,Mexico City,61.0,68.9,0.1117,0.041,0.0086,1.1,19.0,63.6,2.7
2025-10-01T01:00:00Z,Toronto,34.5,40.6,0.0283,0.0405,0.0059,0.85,23.9,54.2,3.1
2025-10-01T01:00:00Z,New York,34.1,54.3,0.0656,0.0417,0.0058,0.98,21.8,52.5,6.6
2025-10-01T01:00:00Z,Los Angeles,40.0,65.9,0.0799,0.0409,0.0087,1.38,22.1,50.0,4.9
2025-10-01T01:00:00Z,Chicago,42.5,52.8,0.0528,0.0425,0.0059,1.33,18.2,62.3,3.0
2025-10-01T01:00:00Z,Mexico City,64.9,73.0,0.1131,0.0434,0.0119,0.9,20.6,51.5,4.3
2025-10-01T02:00:00Z,Toronto,27.5,52.2,0.0344,0.0413,0.0094,1.24,21.8,73.3,5.2
2025-10-01T02:00:00Z,New York,34.4,61.9,0.0504,0.0315,0.0066,1.0,22.8,68.0,4.7
2025-10-01T02:00:00Z,Los Angeles,40.5,74.2,0.0655,0.0459,0.0048,1.37,24.3,66.6,2.3
2025-10-01T02:00:00Z,Chicago,41.9,57.2,0.0324,0.0373,0.0055,1.08,21.0,47.3,5.5
2025-10-01T02:00:00Z,Mexico City,57.4,68.6,0.1033,0.0507,0.0101,1.2,25.2,46.2,2.2
2025-10-01T03:00:00Z,Toronto,35.4,37.9,0.0473,0.0224,0.0049,1.1,24.1,66.9,4.2
2025-10-01T03:00:00Z,New York,40.3,52.7,0.0534,0.035,0.0096,1.0,26.3,67.9,5.4
2025-10-01T03:00:00Z,Los Angeles,41.5,57.3,0.0877,0.0486,0.0047,1.0,24.5,71.5,1.9
2025-10-01T03:00:00Z,Chicago,28.3,51.4,0.0531,0.0259,0.0063,1.35,27.3,54.3,5.8
2025-10-01T03:00:00Z,Mexico City,60.3,87.6,0.0826,0.0524,0.0083,1.03,17.8,73.1,2.9
2025-10-01T04:00:00Z,Toronto,34.4,50.0,0.0346,0.0387,0.0099,0.92,17.7,61.3,3.1
2025-10-01T04:00:00Z,New York,41.8,61.1,0.0646,0.0309,0.0077,1.35,25.6,64.1,4.4
2025-10-01T04:00:00Z,Los Angeles,38.6,52.6,0.0658,0.0418,0.009,1.05,24.8,74.7,6.0
2025-10-01T04:00:00Z,Chicago,39.8,59.1,0.063,0.0349,0.0058,1.06,27.3,65.4,2.9
2025-10-01T04:00:00Z,Mexico City,52.9,89.6,0.1096,0.0515,0.0078,0.99,19.6,53.8,4.4
2025-10-01T05:00:00Z,Toronto,40.4,51.3,0.0411,0.0354,0.011,0.87,17.6,49.0,5.8
2025-10-01T05:00:00Z,New York,37.9,44.6,0.0396,0.0422,0.0068,1.02,26.9,61.1,3.4
2025-10-01T05:00:00Z,Los Angeles,43.3,52.0,0.0666,0.0347,0.0076,0.99,23.4,45.3,4.4
2025-10-01T05:00:00Z,Chicago,30.1,53.5,0.0585,0.0305,0.0072,1.21,26.1,63.4,4.7
2025-10-01T05:00:00Z,Mexico City,51.6,70.0,0.0767,0.0513,0.0094,1.35,19.8,71.8,3.7
2025-10-01T06:00:00Z,Toronto,44.7,56.1,0.0315,0.0323,0.0098,1.28,19.8,54.3,3.5
2025-10-01T06:00:00Z,New York,42.3,61.9,0.0663,0.0349,0.0044,1.43,22.1,71.3,3.7
2025-10-01T06:00:00Z,Los Angeles,52.6,73.2,0.0674,0.0413,0.0091,0.93,25.9,53.6,3.2
2025-10-01T06:00:00Z,Chicago,48.4,54.6,0.0292,0.0394,0.0113,1.14,25.1,62.6,2.9
2025-10-01T06:00:00Z,Mexico City,72.0,92.7,0.0839,0.0497,0.0065,0.9,19.3,47.5,4.5
2025-10-01T07:00:00Z,Toronto,32.9,50.0,0.0438,0.0429,0.0081,1.39,26.1,49.5,2.7
2025-10-01T07:00:00Z,New York,40.9,56.3,0.0455,0.0583,0.0113,1.65,21.8,67.7,4.3
2025-10-01T07:00:00Z,Los Angeles,54.4,77.7,0.096,0.0557,0.0093,1.68,22.6,61.9,1.6
2025-10-01T07:00:00Z,Chicago,39.7,63.8,0.0521,0.0483,0.0042,1.47,24.5,67.1,2.7
2025-10-01T07:00:00Z,Mexico City,71.4,80.2,0.0861,0.0654,0.0065,1.44,24.5,45.6,4.6
2025-10-01T08:00:00Z,Toronto,37.8,52.6,0.0431,0.042,0.0075,1.54,19.7,69.4,5.1
2025-10-01T08:00:00Z,New York,50.3,60.5,0.0441,0.0591,0.0107,1.41,26.5,52.2,3.7
2025-10-01T08:00:00Z,Los Angeles,46.9,61.7,0.0679,0.0633,0.0112,1.29,21.0,71.8,2.1
2025-10-01T08:00:00Z,Chicago,47.3,55.2,0.0543,0.0526,0.0049,1.25,24.1,48.8,3.7
2025-10-01T08:00:00Z,Mexico City,69.5,84.2,0.1036,0.0545,0.007,1.63,18.0,57.3,3.5
2025-10-01T09:00:00Z,Toronto,37.1,62.5,0.04,0.0342,0.0107,1.73,21.3,67.8,3.6
2025-10-01T09:00:00Z,New York,48.5,56.7,0.0626,0.0539,0.0098,1.48,20.3,69.9,3.4
2025-10-01T09:00:00Z,Los Angeles,48.9,77.8,0.0937,0.055,0.006,1.33,23.7,47.4,5.1
2025-10-01T09:00:00Z,Chicago,38.5,54.2,0.0286,0.045,0.0072,1.22,18.9,68.2,5.6
2025-10-01T09:00:00Z,Mexico City,58.5,90.4,0.0962,0.0636,0.0104,1.66,22.0,59.5,2.1
2025-10-01T10:00:00Z,Toronto,45.2,63.2,0.0516,0.0373,0.0077,1.36,23.1,29.7,2.5
2025-10-01T10:00:00Z,New York,39.6,62.7,0.0757,0.0469,0.0076,0.96,30.4,48.2,3.4
2025-10-01T10:00:00Z,Los Angeles,59.1,61.7,0.1075,0.0406,0.0048,0.98,31.5,25.9,6.1
2025-10-01T10:00:00Z,Chicago,35.1,57.7,0.0585,0.0252,0.0047,0.99,26.0,25.1,4.6
2025-10-01T10:00:00Z,Mexico City,58.4,95.0,0.1337,0.0439,0.008,1.31,31.0,32.6,4.2
2025-10-01T11:00:00Z,Toronto,46.8,46.7,0.0605,0.0324,0.0074,1.36,29.0,27.8,4.0
2025-10-01T11:00:00Z,New York,45.8,59.3,0.0624,0.0329,0.0099,1.4,24.6,52.1,2.8
2025-10-01T11:00:00Z,Los Angeles,59.0,61.1,0.082,0.043,0.0089,0.87,30.0,51.1,4.0
2025-10-01T11:00:00Z,Chicago,44.1,59.5,0.0811,0.0278,0.0061,0.89,24.6,51.1,4.6
2025-10-01T11:00:00Z,Mexico City,62.9,91.0,0.1236,0.049,0.0069,1.17,31.3,43.5,4.9
2025-10-01T12:00:00Z,Toronto,33.2,45.9,0.0654,0.0392,0.0072,1.04,27.9,51.3,3.9
2025-10-01T12:00:00Z,New York,48.9,67.3,0.0905,0.0485,0.0112,1.21,25.0,35.8,3.6
2025-10-01T12:00:00Z,Los Angeles,47.8,68.8,0.1045,0.0472,0.0084,1.14,25.9,53.1,4.5
2025-10-01T12:00:00Z,Chicago,35.5,64.3,0.0642,0.0401,0.0106,1.1,30.2,53.6,2.6
2025-10-01T12:00:00Z,Mexico City,59.5,90.3,0.1138,0.0545,0.0059,0.95,29.8,25.8,4.7
2025-10-01T13:00:00Z,Toronto,46.4,47.0,0.0593,0.0278,0.0073,0.88,27.7,28.3,3.2
2025-10-01T13:00:00Z,New York,52.2,55.7,0.076,0.0447,0.0076,1.21,27.5,28.1,5.0
2025-10-01T13:00:00Z,Los Angeles,47.4,64.4,0.0883,0.054,0.0084,1.4,23.4,47.7,6.0
2025-10-01T13:00:00Z,Chicago,39.5,58.6,0.0653,0.0245,0.0106,1.18,32.9,25.1,2.1
2025-10-01T13:00:00Z,Mexico City,66.1,87.7,0.1155,0.0441,0.0075,0.94,32.9,34.2,3.7
2025-10-01T14:00:00Z,Toronto,45.4,65.8,0.0778,0.0365,0.0102,0.91,31.5,38.8,3.7
2025-10-01T14:00:00Z,New York,54.5,63.4,0.0824,0.039,0.0062,1.05,30.1,54.1,3.3
2025-10-01T14:00:00Z,Los Angeles,54.3,69.1,0.1082,0.0542,0.0053,1.08,28.3,38.8,6.8
2025-10-01T14:00:00Z,Chicago,41.3,53.7,0.0505,0.0306,0.0119,1.38,30.8,44.8,4.4
2025-10-01T14:00:00Z,Mexico City,59.1,91.7,0.1237,0.0511,0.0052,0.92,24.2,32.0,2.0
2025-10-01T15:00:00Z,Toronto,35.6,60.7,0.0804,0.0376,0.009,1.34,27.7,54.2,2.0
2025-10-01T15:00:00Z,New York,49.0,62.8,0.0808,0.0471,0.0115,1.05,31.1,51.3,3.8
2025-10-01T15:00:00Z,Los Angeles,45.8,83.6,0.1194,0.0399,0.0106,0.92,29.2,33.3,4.5
2025-10-01T15:00:00Z,Chicago,48.2,69.8,0.0644,0.0403,0.0078,1.06,24.0,36.2,5.1
2025-10-01T15:00:00Z,Mexico City,57.2,100.0,0.1373,0.0418,0.0075,1.32,29.5,40.2,3.1
2025-10-01T16:00:00Z,Toronto,44.9,53.2,0.0621,0.0291,0.0049,0.9,29.9,47.1,3.0
2025-10-01T16:00:00Z,New York,49.6,70.9,0.0865,0.0371,0.0046,1.11,31.6,40.0,5.0
2025-10-01T16:00:00Z,Los Angeles,57.1,80.2,0.085,0.051,0.0063,0.98,24.5,38.0,4.7
2025-10-01T16:00:00Z,Chicago,47.0,65.9,0.0805,0.0413,0.0042,0.96,28.9,36.5,3.7
2025-10-01T16:00:00Z,Mexico City,61.8,96.9,0.1003,0.0424,0.0063,1.36,24.2,50.9,2.6
2025-10-01T17:00:00Z,Toronto,39.5,65.3,0.0609,0.0499,0.0066,1.26,19.1,65.8,3.6
2025-10-01T17:00:00Z,New York,40.6,60.4,0.0362,0.0492,0.0082,1.56,18.6,72.4,2.4
2025-10-01T17:00:00Z,Los Angeles,48.3,83.1,0.0905,0.0479,0.0111,1.3,18.1,70.0,5.4
2025-10-01T17:00:00Z,Chicago,41.7,60.9,0.0533,0.048,0.0078,1.28,23.2,59.7,4.2
2025-10-01T17:00:00Z,Mexico City,67.4,81.1,0.1103,0.0603,0.0069,1.49,22.1,50.8,2.5
2025-10-01T18:00:00Z,Toronto,40.0,50.6,0.0466,0.0492,0.0099,1.45,20.6,57.6,4.5
2025-10-01T18:00:00Z,New York,40.9,65.4,0.0503,0.0594,0.0104,1.23,19.0,69.7,1.4
2025-10-01T18:00:00Z,Los Angeles,58.0,60.7,0.065,0.0539,0.0095,1.65,18.0,49.7,5.2
2025-10-01T18:00:00Z,Chicago,40.3,60.0,0.046,0.0536,0.0078,1.53,25.4,74.8,2.1
2025-10-01T18:00:00Z,Mexico City,63.5,98.4,0.0887,0.0529,0.0062,1.35,19.9,64.5,5.9
2025-10-01T19:00:00Z,Toronto,34.8,48.6,0.0341,0.0424,0.0104,1.36,24.3,48.7,4.5
2025-10-01T19:00:00Z,New York,51.9,54.3,0.0496,0.0524,0.0114,1.28,24.3,68.2,3.8
2025-10-01T19:00:00Z,Los Angeles,53.4,75.8,0.0776,0.0611,0.0065,1.26,23.2,66.6,3.1
2025-10-01T19:00:00Z,Chicago,42.4,63.7,0.0442,0.0369,0.0059,1.49,26.7,60.4,5.6
2025-10-01T19:00:00Z,Mexico City,64.4,95.5,0.1132,0.0662,0.0051,1.28,24.6,74.6,2.0
2025-10-01T20:00:00Z,Toronto,35.3,59.8,0.033,0.0326,0.0081,0.98,24.0,70.4,4.7
2025-10-01T20:00:00Z,New York,49.7,71.5,0.0624,0.03,0.0085,1.09,26.9,65.1,2.0
2025-10-01T20:00:00Z,Los Angeles,48.4,72.9,0.0931,0.0487,0.0113,1.36,18.8,62.9,3.4
2025-10-01T20:00:00Z,Chicago,45.1,70.4,0.0526,0.0416,0.0094,1.25,21.9,52.6,3.0
2025-10-01T20:00:00Z,Mexico City,65.8,87.6,0.1002,0.05,0.0067,1.42,20.8,45.3,5.9
2025-10-01T21:00:00Z,Toronto,36.3,48.3,0.0476,0.0292,0.0088,1.01,24.4,58.7,3.7
2025-10-01T21:00:00Z,New York,49.2,64.9,0.0693,0.0443,0.0083,1.11,21.0,54.6,3.7
2025-10-01T21:00:00Z,Los Angeles,48.8,75.1,0.0914,0.04,0.0058,1.08,21.6,65.8,5.7
2025-10-01T21:00:00Z,Chicago,49.9,53.6,0.059,0.0406,0.0093,1.27,27.1,66.9,4.7
2025-10-01T21:00:00Z,Mexico City,62.6,81.5,0.0982,0.0569,0.0092,1.02,25.0,48.0,4.3
2025-10-01T22:00:00Z,Toronto,42.3,61.5,0.0498,0.0234,0.0043,1.03,24.5,58.1,2.9
2025-10-01T22:00:00Z,New York,52.0,60.4,0.067,0.0317,0.0045,1.17,22.1,49.1,3.9
2025-10-01T22:00:00Z,Los Angeles,51.7,60.6,0.0785,0.0511,0.0093,0.98,24.4,66.3,5.4
2025-10-01T22:00:00Z,Chicago,44.5,67.2,0.0289,0.035,0.0096,1.28,24.0,70.9,1.5
2025-10-01T22:00:00Z,Mexico City,60.4,101.2,0.0997,0.051,0.0046,1.39,25.7,70.9,6.1
2025-10-01T23:00:00Z,Toronto,29.4,50.6,0.0263,0.0283,0.0053,1.35,19.2,55.9,6.4
2025-10-01T23:00:00Z,New York,38.5,47.7,0.074,0.0334,0.0066,1.1,26.5,70.9,4.9
2025-10-01T23:00:00Z,Los Angeles,42.9,72.8,0.0694,0.0398,0.0049,1.33,26.4,57.7,3.5
2025-10-01T23:00:00Z,Chicago,38.5,38.8,0.0464,0.0337,0.0079,1.17,26.3,56.1,3.8
2025-10-01T23:00:00Z,Mexico City,58.8,82.2,0.0853,0.0489,0.0068,0.93,23.1,70.3,3.0
2025-10-02T00:00:00Z,Toronto,37.4,43.4,0.0321,0.038,0.0088,1.36,23.6,57.6,3.8
2025-10-02T00:00:00Z,New York,46.5,56.1,0.0505,0.0455,0.0068,1.38,17.5,66.1,4.2
2025-10-02T00:00:00Z,Los Angeles,39.4,64.5,0.0629,0.0452,0.0066,1.11,19.0,70.8,4.1
2025-10-02T00:00:00Z,Chicago,37.9,43.1,0.0369,0.04,0.0057,0.9,18.6,65.1,6.2
2025-10-02T00:00:00Z,Mexico City,56.4,74.9,0.0876,0.0463,0.0094,1.27,25.6,74.1,3.7
2025-10-02T01:00:00Z,Toronto,25.2,39.3,0.0318,0.0244,0.0087,1.26,24.4,49.4,4.2
2025-10-02T01:00:00Z,New York,34.9,60.6,0.0391,0.0484,0.0064,1.14,22.3,71.5,2.4
2025-10-02T01:00:00Z,Los Angeles,48.4,63.6,0.0866,0.047,0.0091,1.45,23.6,59.1,5.6
2025-10-02T01:00:00Z,Chicago,30.8,55.2,0.0294,0.0407,0.0055,1.0,21.7,66.4,3.8
2025-10-02T01:00:00Z,Mexico City,50.4,88.2,0.1097,0.052,0.0078,0.88,21.8,65.0,4.1
2025-10-02T02:00:00Z,Toronto,28.8,38.3,0.0582,0.04,0.0119,1.03,27.0,57.4,1.9
2025-10-02T02:00:00Z,New York,44.8,62.8,0.0734,0.0383,0.0117,1.4,18.1,64.8,3.0
2025-10-02T02:00:00Z,Los Angeles,37.1,67.5,0.0798,0.0415,0.0115,1.36,22.4,71.1,5.3
2025-10-02T02:00:00Z,Chicago,27.2,52.9,0.042,0.0315,0.0063,0.95,19.6,65.4,5.2
2025-10-02T02:00:00Z,Mexico City,53.1,83.0,0.0853,0.0527,0.0102,0.86,22.1,73.3,3.4
2025-10-02T03:00:00Z,Toronto,24.9,41.8,0.0326,0.0387,0.005,1.11,18.6,69.0,4.2
2025-10-02T03:00:00Z,New York,40.1,44.6,0.0442,0.0469,0.0069,1.09,21.2,71.8,4.8
2025-10-02T03:00:00Z,Los Angeles,50.8,55.8,0.0734,0.0434,0.0056,1.13,25.7,56.0,3.5
2025-10-02T03:00:00Z,Chicago,41.3,58.0,0.0292,0.0406,0.0052,1.43,23.5,69.2,5.4
2025-10-02T03:00:00Z,Mexico City,64.6,88.8,0.0874,0.0413,0.0099,0.89,23.5,58.4,2.9
2025-10-02T04:00:00Z,Toronto,26.9,43.6,0.0253,0.0221,0.0086,1.03,22.9,59.0,4.5
2025-10-02T04:00:00Z,New York,32.8,54.1,0.0484,0.0344,0.008,1.22,23.6,56.8,3.9
2025-10-02T04:00:00Z,Los Angeles,51.8,52.2,0.0622,0.0403,0.0102,1.13,23.3,48.5,3.5
2025-10-02T04:00:00Z,Chicago,30.9,52.7,0.0625,0.0355,0.0089,1.1,22.0,51.1,5.0
2025-10-02T04:00:00Z,Mexico City,52.7,89.5,0.1056,0.0426,0.0103,1.0,23.3,57.7,4.5
2025-10-02T05:00:00Z,Toronto,39.8,49.9,0.0343,0.0314,0.0104,1.41,17.9,58.2,3.6
2025-10-02T05:00:00Z,New York,46.4,63.3,0.0399,0.0403,0.0064,0.9,21.3,45.8,5.9
2025-10-02T05:00:00Z,Los Angeles,38.4,67.8,0.0713,0.0477,0.0074,1.35,24.2,51.8,3.1
2025-10-02T05:00:00Z,Chicago,42.3,46.6,0.0564,0.0372,0.006,1.16,17.6,74.6,6.5
2025-10-02T05:00:00Z,Mexico City,50.7,77.2,0.1097,0.0506,0.0073,1.41,27.4,53.8,1.6
2025-10-02T06:00:00Z,Toronto,40.2,58.5,0.0275,0.0336,0.0079,1.09,19.7,49.6,5.9
2025-10-02T06:00:00Z,New York,49.9,68.9,0.0704,0.0431,0.0057,1.11,26.1,52.2,4.4
2025-10-02T06:00:00Z,Los Angeles,58.7,73.2,0.0967,0.0448,0.0098,1.41,25.4,60.0,3.3
2025-10-02T06:00:00Z,Chicago,46.6,54.4,0.0316,0.0254,0.0082,1.26,25.0,65.6,1.2
2025-10-02T06:00:00Z,Mexico City,58.6,79.0,0.0877,0.0427,0.006,1.07,19.8,57.4,2.2
2025-10-02T07:00:00Z,Toronto,38.6,44.4,0.0267,0.0445,0.0073,1.37,19.6,69.6,4.0
2025-10-02T07:00:00Z,New York,40.0,72.3,0.0391,0.0569,0.0087,1.41,26.5,51.8,5.1
2025-10-02T07:00:00Z,Los Angeles,49.6,64.2,0.091,0.0529,0.0108,1.24,23.3,72.7,6.8
2025-10-02T07:00:00Z,Chicago,43.3,64.2,0.0626,0.051,0.0059,1.51,20.7,59.4,2.7
2025-10-02T07:00:00Z,Mexico City,57.4,83.9,0.1053,0.0521,0.0094,1.71,19.6,64.8,5.4
2025-10-02T08:00:00Z,Toronto,44.3,48.5,0.0323,0.0443,0.0111,1.77,27.4,57.5,4.8
2025-10-02T08:00:00Z,New York,42.4,70.7,0.0669,0.0406,0.0111,1.38,23.0,48.6,3.4
2025-10-02T08:00:00Z,Los Angeles,44.8,67.8,0.0958,0.0547,0.0068,1.27,25.5,53.7,2.9
2025-10-02T08:00:00Z,Chicago,37.2,50.9,0.0586,0.0446,0.007,1.56,26.9,72.8,2.1
2025-10-02T08:00:00Z,Mexico City,59.1,80.8,0.1023,0.0689,0.0063,1.62,23.2,72.0,2.1
2025-10-02T09:00:00Z,Toronto,37.0,56.9,0.0497,0.0498,0.0104,1.64,17.7,69.3,2.9
2025-10-02T09:00:00Z,New York,43.1,54.4,0.067,0.0598,0.0105,1.38,20.9,54.8,3.6
2025-10-02T09:00:00Z,Los Angeles,52.8,61.1,0.0617,0.0553,0.0109,1.7,20.6,45.1,1.8
2025-10-02T09:00:00Z,Chicago,36.1,68.3,0.0612,0.0503,0.0069,1.22,26.3,49.7,4.1
2025-10-02T09:00:00Z,Mexico City,70.5,95.5,0.0858,0.0605,0.0093,1.45,25.9,64.7,4.6
2025-10-02T10:00:00Z,Toronto,36.8,56.2,0.0552,0.0299,0.0054,1.43,30.1,37.7,6.2
2025-10-02T10:00:00Z,New York,47.0,71.4,0.06,0.0366,0.006,1.28,26.4,52.9,4.1
2025-10-02T10:00:00Z,Los Angeles,54.0,69.0,0.1155,0.0372,0.0052,1.3,26.4,53.9,3.2
2025-10-02T10:00:00Z,Chicago,44.3,51.1,0.0688,0.0343,0.0064,1.44,31.8,39.9,4.2
2025-10-02T10:00:00Z,Mexico City,69.1,98.1,0.1369,0.0519,0.0065,1.22,28.4,27.6,3.4
2025-10-02T11:00:00Z,Toronto,45.8,66.7,0.0762,0.0372,0.0063,1.14,27.6,27.0,3.0
2025-10-02T11:00:00Z,New York,46.9,66.1,0.0927,0.0342,0.0101,1.18,24.9,38.2,6.4
2025-10-02T11:00:00Z,Los Angeles,49.1,62.1,0.1052,0.0469,0.0104,1.43,28.7,34.6,3.4
2025-10-02T11:00:00Z,Chicago,42.2,61.1,0.0884,0.0293,0.0061,1.07,25.5,53.9,3.8
2025-10-02T11:00:00Z,Mexico City,63.9,87.6,0.1239,0.0544,0.0116,1.08,28.9,41.0,1.9
2025-10-02T12:00:00Z,Toronto,37.3,44.7,0.0657,0.0239,0.0099,1.17,28.5,35.8,2.6
2025-10-02T12:00:00Z,New York,44.7,54.7,0.0761,0.0457,0.0088,0.86,32.2,48.1,5.9
2025-10-02T12:00:00Z,Los Angeles,54.4,73.5,0.1127,0.0451,0.0042,1.07,26.2,30.8,5.5
2025-10-02T12:00:00Z,Chicago,35.7,53.0,0.0626,0.0415,0.0066,0.99,27.4,51.4,2.7
2025-10-02T12:00:00Z,Mexico City,60.0,94.1,0.1332,0.0488,0.0107,1.21,24.2,32.3,3.6
2025-10-02T13:00:00Z,Toronto,38.4,61.7,0.0704,0.0415,0.0072,0.88,27.4,46.5,3.7
2025-10-02T13:00:00Z,New York,40.2,68.3,0.085,0.0477,0.0104,1.13,31.7,52.3,4.1
2025-10-02T13:00:00Z,Los Angeles,55.3,81.6,0.0978,0.0368,0.0049,1.3,23.2,54.6,2.4
2025-10-02T13:00:00Z,Chicago,38.0,65.6,0.0501,0.0332,0.0052,1.14,29.3,31.8,5.5
2025-10-02T13:00:00Z,Mexico City,60.3,97.0,0.1034,0.0493,0.008,1.1,24.5,34.6,4.1
2025-10-02T14:00:00Z,Toronto,43.8,64.1,0.0629,0.0405,0.0046,1.43,24.0,35.9,5.2
2025-10-02T14:00:00Z,New York,53.0,66.0,0.0895,0.0464,0.012,1.45,31.9,31.6,3.8
2025-10-02T14:00:00Z,Los Angeles,58.0,77.0,0.0936,0.0542,0.0096,0.99,28.9,41.8,6.3
2025-10-02T14:00:00Z,Chicago,45.3,55.5,0.0512,0.0336,0.0113,0.98,24.6,36.7,3.9
2025-10-02T14:00:00Z,Mexico City,58.5,90.4,0.1338,0.057,0.0079,1.37,31.9,50.6,2.5
2025-10-02T15:00:00Z,Toronto,42.9,58.6,0.0738,0.0267,0.0119,1.41,26.6,30.8,4.3
2025-10-02T15:00:00Z,New York,45.7,54.4,0.0943,0.0394,0.011,1.41,32.4,28.0,4.3
2025-10-02T15:00:00Z,Los Angeles,44.8,66.7,0.1176,0.0545,0.0047,1.26,25.8,48.7,5.8
2025-10-02T15:00:00Z,Chicago,37.4,66.0,0.0701,0.0412,0.0076,1.32,24.5,50.4,2.3
2025-10-02T15:00:00Z,Mexico City,70.4,87.5,0.1095,0.056,0.0069,1.18,27.6,36.9,4.6
2025-10-02T16:00:00Z,Toronto,41.3,44.3,0.0649,0.0403,0.0045,1.07,25.3,52.8,2.8
2025-10-02T16:00:00Z,New York,45.8,71.8,0.0957,0.0421,0.0082,1.33,24.1,28.5,6.7
2025-10-02T16:00:00Z,Los Angeles,50.6,64.5,0.1097,0.053,0.0071,1.16,29.6,43.1,3.4
2025-10-02T16:00:00Z,Chicago,37.1,53.4,0.0866,0.0421,0.006,1.11,28.0,43.1,3.5
2025-10-02T16:00:00Z,Mexico City,67.1,92.3,0.1038,0.0589,0.0091,1.32,27.0,49.4,1.8
2025-10-02T17:00:00Z,Toronto,45.9,66.6,0.0243,0.0514,0.0081,1.59,25.3,72.2,5.1
2025-10-02T17:00:00Z,New York,48.7,74.9,0.0695,0.0584,0.0111,1.63,19.9,60.2,3.5
2025-10-02T17:00:00Z,Los Angeles,47.3,83.6,0.0595,0.0571,0.0044,1.42,19.8,50.0,6.0
2025-10-02T17:00:00Z,Chicago,47.5,69.0,0.0378,0.0527,0.0068,1.72,25.7,47.9,5.4
2025-10-02T17:00:00Z,Mexico City,64.2,98.7,0.0841,0.0565,0.0095,1.75,21.0,62.7,3.3
2025-10-02T18:00:00Z,Toronto,32.1,61.6,0.0536,0.0342,0.0072,1.31,26.1,63.0,2.2
2025-10-02T18:00:00Z,New York,47.1,61.8,0.0508,0.0486,0.0113,1.36,26.3,58.5,5.2
2025-10-02T18:00:00Z,Los Angeles,49.2,82.6,0.0873,0.0594,0.008,1.77,21.2,62.8,3.9
2025-10-02T18:00:00Z,Chicago,34.7,58.3,0.0402,0.0498,0.0062,1.77,17.7,69.0,1.9
2025-10-02T18:00:00Z,Mexico City,69.0,95.4,0.0805,0.052,0.0107,1.74,21.9,58.5,3.3
2025-10-02T19:00:00Z,Toronto,33.2,57.8,0.0526,0.0521,0.01,1.63,25.1,63.8,5.9
2025-10-02T19:00:00Z,New York,49.7,60.1,0.0733,0.0568,0.012,1.62,21.6,63.4,4.0
2025-10-02T19:00:00Z,Los Angeles,45.1,70.7,0.0668,0.06,0.0099,1.26,25.8,56.5,3.7
2025-10-02T19:00:00Z,Chicago,47.7,67.3,0.0545,0.0492,0.0091,1.38,18.2,49.1,5.4
2025-10-02T19:00:00Z,Mexico City,71.8,81.0,0.0808,0.0528,0.004,1.46,22.7,59.0,5.0
2025-10-02T20:00:00Z,Toronto,44.2,43.2,0.0505,0.0385,0.0091,1.15,18.2,59.2,3.0
2025-10-02T20:00:00Z,New York,46.9,73.1,0.0385,0.0301,0.0077,0.86,20.4,68.3,6.0
2025-10-02T20:00:00Z,Los Angeles,57.8,73.4,0.0626,0.0384,0.0059,1.35,23.6,66.9,4.5
2025-10-02T20:00:00Z,Chicago,41.1,47.2,0.055,0.032,0.0043,1.09,22.7,60.8,4.2
2025-10-02T20:00:00Z,Mexico City,63.4,83.0,0.1107,0.0528,0.0085,0.96,25.2,50.6,3.4
2025-10-02T21:00:00Z,Toronto,39.7,58.6,0.036,0.0415,0.0115,1.04,20.8,65.3,4.9
2025-10-02T21:00:00Z,New York,49.1,57.3,0.0374,0.0448,0.008,1.26,20.0,52.0,6.1
2025-10-02T21:00:00Z,Los Angeles,55.4,79.0,0.0638,0.0441,0.0076,0.89,21.7,61.3,5.4
2025-10-02T21:00:00Z,Chicago,48.9,61.9,0.0422,0.0388,0.0053,1.06,18.9,72.8,3.0
2025-10-02T21:00:00Z,Mexico City,61.1,82.2,0.0923,0.0511,0.0082,1.12,19.5,57.8,6.0
2025-10-02T22:00:00Z,Toronto,43.0,47.9,0.0448,0.0292,0.0064,1.07,19.9,48.4,5.9
2025-10-02T22:00:00Z,New York,40.8,72.7,0.0363,0.0437,0.0047,1.03,25.9,45.9,3.7
2025-10-02T22:00:00Z,Los Angeles,58.4,60.6,0.0717,0.0382,0.0068,0.87,19.5,68.0,4.2
2025-10-02T22:00:00Z,Chicago,50.1,66.8,0.034,0.0433,0.0064,1.14,20.8,59.2,6.4
2025-10-02T22:00:00Z,Mexico City,61.5,98.8,0.0931,0.056,0.0071,1.24,18.4,62.7,4.1
2025-10-02T23:00:00Z,Toronto,38.3,40.3,0.0399,0.0408,0.0065,1.39,24.8,69.0,2.4
2025-10-02T23:00:00Z,New York,32.6,59.2,0.0479,0.0364,0.0108,0.91,26.7,47.6,4.6
2025-10-02T23:00:00Z,Los Angeles,51.9,54.9,0.0606,0.0369,0.0117,1.3,24.8,51.2,3.7
2025-10-02T23:00:00Z,Chicago,42.2,47.6,0.0443,0.041,0.0053,1.04,22.1,74.8,2.9
2025-10-02T23:00:00Z,Mexico City,65.2,73.7,0.1003,0.0464,0.0044,1.34,20.7,56.2,5.3
2025-10-03T00:00:00Z,Toronto,37.6,49.0,0.0427,0.0358,0.0072,1.35,18.0,66.1,2.7
2025-10-03T00:00:00Z,New York,43.2,45.1,0.0558,0.036,0.007,0.86,26.8,58.8,6.2
2025-10-03T00:00:00Z,Los Angeles,47.8,57.0,0.0744,0.0371,0.0061,0.99,21.5,62.8,5.1
2025-10-03T00:00:00Z,Chicago,36.0,53.3,0.0508,0.0292,0.0058,1.02,26.0,59.3,3.2
2025-10-03T00:00:00Z,Mexico City,52.7,86.7,0.1098,0.0488,0.0048,1.06,24.0,54.2,2.3
2025-10-03T01:00:00Z,Toronto,26.3,46.8,0.0401,0.0268,0.0068,1.36,27.3,67.1,4.1
2025-10-03T01:00:00Z,New York,39.4,53.8,0.0692,0.0424,0.009,0.94,17.6,69.3,5.2
2025-10-03T01:00:00Z,Los Angeles,51.7,59.7,0.0753,0.0423,0.0099,1.34,24.3,50.3,2.5
2025-10-03T01:00:00Z,Chicago,38.3,37.8,0.036,0.0251,0.0082,1.36,22.5,73.3,2.1
2025-10-03T01:00:00Z,Mexico City,50.4,91.4,0.0976,0.0404,0.0072,1.45,19.9,62.5,2.0
2025-10-03T02:00:00Z,Toronto,33.0,56.5,0.0239,0.0284,0.0089,0.9,23.7,68.2,4.2
2025-10-03T02:00:00Z,New York,47.9,56.1,0.0715,0.0338,0.0042,1.2,26.9,72.3,1.2
2025-10-03T02:00:00Z,Los Angeles,37.1,63.3,0.0608,0.0492,0.0104,1.08,25.5,45.9,2.3
2025-10-03T02:00:00Z,Chicago,30.7,52.0,0.052,0.0319,0.0053,1.45,19.9,74.3,4.2
2025-10-03T02:00:00Z,Mexico City,65.0,82.4,0.0861,0.0551,0.007,1.44,17.4,46.7,3.0
2025-10-03T03:00:00Z,Toronto,38.3,49.2,0.0224,0.0229,0.0116,1.34,21.0,61.6,4.2
2025-10-03T03:00:00Z,New York,33.4,49.0,0.0576,0.047,0.0102,1.21,20.6,70.1,3.4
2025-10-03T03:00:00Z,Los Angeles,46.1,71.0,0.0822,0.0507,0.0069,1.33,21.7,49.9,2.7
2025-10-03T03:00:00Z,Chicago,31.1,37.1,0.0349,0.0337,0.006,1.01,26.1,45.2,3.6
2025-10-03T03:00:00Z,Mexico City,61.0,72.6,0.0746,0.0467,0.005,1.27,21.3,71.1,4.9
2025-10-03T04:00:00Z,Toronto,31.4,34.6,0.0448,0.0236,0.0088,1.16,24.4,51.6,5.2
2025-10-03T04:00:00Z,New York,38.4,60.0,0.061,0.0458,0.005,1.17,22.7,65.0,2.8
2025-10-03T04:00:00Z,Los Angeles,40.6,54.6,0.0892,0.0453,0.0053,1.2,20.5,58.0,4.8
2025-10-03T04:00:00Z,Chicago,32.3,43.3,0.0629,0.0441,0.0065,0.98,18.4,65.5,6.5
2025-10-03T04:00:00Z,Mexico City,49.9,91.8,0.1068,0.0542,0.0105,0.96,21.6,45.8,2.0
2025-10-03T05:00:00Z,Toronto,28.4,54.3,0.031,0.0248,0.0042,1.26,27.2,66.4,2.6
2025-10-03T05:00:00Z,New York,47.3,50.3,0.0372,0.0412,0.0091,1.08,23.6,63.4,5.6
2025-10-03T05:00:00Z,Los Angeles,47.7,54.8,0.0619,0.0357,0.0076,1.29,20.5,56.9,5.3
2025-10-03T05:00:00Z,Chicago,40.3,53.8,0.0494,0.0277,0.0042,1.42,25.1,70.0,3.4
2025-10-03T05:00:00Z,Mexico City,56.9,84.5,0.0977,0.0477,0.0086,0.86,20.1,48.7,6.1
2025-10-03T06:00:00Z,Toronto,40.8,49.5,0.0303,0.0389,0.0047,1.16,21.2,61.6,4.0
2025-10-03T06:00:00Z,New York,49.6,63.6,0.0472,0.0423,0.0078,1.14,22.2,54.0,2.0
2025-10-03T06:00:00Z,Los Angeles,45.0,76.3,0.0795,0.0517,0.0115,1.17,17.5,49.8,4.7
2025-10-03T06:00:00Z,Chicago,39.3,47.9,0.0437,0.0396,0.0071,1.39,22.7,61.1,3.6
2025-10-03T06:00:00Z,Mexico City,65.3,101.2,0.0897,0.057,0.0058,1.45,17.5,67.9,6.2
2025-10-03T07:00:00Z,Toronto,38.5,62.4,0.0592,0.046,0.004,1.78,26.9,73.1,2.6
2025-10-03T07:00:00Z,New York,52.3,64.9,0.0677,0.0545,0.0082,1.7,26.0,45.9,4.2
2025-10-03T07:00:00Z,Los Angeles,60.3,71.7,0.0872,0.0574,0.007,1.47,19.7,70.8,3.5
2025-10-03T07:00:00Z,Chicago,42.2,67.2,0.0432,0.0376,0.008,1.22,22.4,52.5,3.7
2025-10-03T07:00:00Z,Mexico City,61.3,88.6,0.0945,0.068,0.0057,1.74,24.4,71.7,6.0
2025-10-03T08:00:00Z,Toronto,39.5,46.3,0.0616,0.033,0.0041,1.28,25.0,68.0,1.8
2025-10-03T08:00:00Z,New York,47.4,62.7,0.0488,0.0584,0.0101,1.45,25.8,71.0,6.1
2025-10-03T08:00:00Z,Los Angeles,45.7,75.7,0.0638,0.0563,0.0061,1.39,24.9,45.2,5.5
2025-10-03T08:00:00Z,Chicago,35.1,57.5,0.0272,0.0383,0.0112,1.75,22.9,57.2,5.7
2025-10-03T08:00:00Z,Mexico City,68.5,89.5,0.0869,0.0597,0.0119,1.8,24.2,69.7,5.6
2025-10-03T09:00:00Z,Toronto,41.0,52.4,0.0618,0.0503,0.0057,1.74,21.6,46.7,4.0
2025-10-03T09:00:00Z,New York,46.9,60.9,0.0467,0.052,0.007,1.53,26.1,54.1,4.3
2025-10-03T09:00:00Z,Los Angeles,46.5,68.0,0.0916,0.0551,0.0111,1.72,22.6,49.7,3.6
2025-10-03T09:00:00Z,Chicago,48.8,51.1,0.0284,0.0427,0.008,1.32,23.6,65.3,4.7
2025-10-03T09:00:00Z,Mexico City,67.5,86.3,0.0807,0.0524,0.0116,1.55,21.1,69.7,5.6
2025-10-03T10:00:00Z,Toronto,47.7,61.5,0.0594,0.0224,0.0105,1.09,31.8,26.8,6.0
2025-10-03T10:00:00Z,New York,41.9,61.7,0.0866,0.0302,0.0093,1.34,23.1,25.4,4.5
2025-10-03T10:00:00Z,Los Angeles,49.6,69.9,0.1213,0.0419,0.0075,0.88,28.8,48.5,2.5
2025-10-03T10:00:00Z,Chicago,39.7,69.8,0.0894,0.0391,0.0075,1.0,33.0,25.6,6.1
2025-10-03T10:00:00Z,Mexico City,68.4,89.8,0.1212,0.0538,0.0095,1.06,23.4,45.2,3.7
2025-10-03T11:00:00Z,Toronto,36.7,56.1,0.0645,0.0322,0.0111,1.09,32.7,39.5,5.7
2025-10-03T11:00:00Z,New York,47.5,62.1,0.0944,0.0469,0.0049,1.08,31.6,53.9,4.4
2025-10-03T11:00:00Z,Los Angeles,45.1,66.8,0.0982,0.0541,0.0085,1.16,24.8,28.2,5.1
2025-10-03T11:00:00Z,Chicago,44.8,56.3,0.0584,0.0259,0.0072,1.07,29.2,52.3,6.1
2025-10-03T11:00:00Z,Mexico City,62.9,93.8,0.1316,0.0518,0.0046,0.94,27.7,25.0,5.4
2025-10-03T12:00:00Z,Toronto,34.6,48.5,0.0493,0.0375,0.0041,1.1,29.8,25.2,2.3
2025-10-03T12:00:00Z,New York,46.5,64.9,0.0754,0.0441,0.0075,1.33,25.9,25.3,1.9
2025-10-03T12:00:00Z,Los Angeles,59.3,60.6,0.106,0.0369,0.0067,1.26,26.7,36.7,5.7
2025-10-03T12:00:00Z,Chicago,40.4,59.3,0.0871,0.0375,0.0066,1.1,23.5,50.0,5.2
2025-10-03T12:00:00Z,Mexico City,58.3,85.9,0.134,0.0525,0.0099,1.16,27.0,43.0,3.6
2025-10-03T13:00:00Z,Toronto,35.5,44.6,0.0613,0.0351,0.006,0.94,29.2,27.3,4.4
2025-10-03T13:00:00Z,New York,46.4,56.2,0.0702,0.0423,0.0113,1.34,32.3,50.6,5.9
2025-10-03T13:00:00Z,Los Angeles,46.5,68.2,0.088,0.0384,0.0058,0.98,23.1,54.0,4.7
2025-10-03T13:00:00Z,Chicago,35.7,57.4,0.081,0.0335,0.0095,1.05,30.4,49.1,3.6
2025-10-03T13:00:00Z,Mexico City,68.7,101.3,0.1036,0.0437,0.0102,0.95,23.7,34.3,4.1
2025-10-03T14:00:00Z,Toronto,45.5,66.9,0.0738,0.0322,0.007,1.37,33.0,41.5,2.0
2025-10-03T14:00:00Z,New York,54.1,62.8,0.0677,0.0409,0.0071,1.31,23.8,41.6,4.4
2025-10-03T14:00:00Z,Los Angeles,51.7,66.3,0.1173,0.0353,0.0052,1.38,30.9,53.1,2.1
2025-10-03T14:00:00Z,Chicago,47.2,61.0,0.0611,0.0368,0.0119,1.29,27.4,26.3,5.1
2025-10-03T14:00:00Z,Mexico City,68.7,78.5,0.1333,0.0518,0.0042,0.97,31.4,52.0,2.8
2025-10-03T15:00:00Z,Toronto,35.4,43.2,0.0799,0.0254,0.0082,0.89,29.1,46.7,4.8
2025-10-03T15:00:00Z,New York,45.8,75.1,0.0877,0.045,0.0094,1.11,27.7,29.9,6.0
2025-10-03T15:00:00Z,Los Angeles,45.2,73.8,0.0962,0.0405,0.0093,1.4,25.8,33.9,2.1
2025-10-03T15:00:00Z,Chicago,36.0,66.6,0.0837,0.0351,0.0088,1.06,26.1,50.0,2.3
2025-10-03T15:00:00Z,Mexico City,63.7,93.0,0.1204,0.0516,0.007,1.42,27.6,25.1,6.2
2025-10-03T16:00:00Z,Toronto,38.3,44.5,0.0694,0.0409,0.0052,1.13,27.9,38.4,3.2
2025-10-03T16:00:00Z,New York,46.2,62.7,0.0863,0.0417,0.0047,1.11,29.1,35.1,4.0
2025-10-03T16:00:00Z,Los Angeles,51.7,71.4,0.0827,0.0543,0.0075,1.45,28.9,40.1,5.1
2025-10-03T16:00:00Z,Chicago,44.6,46.5,0.0753,0.0294,0.0082,1.43,25.6,54.4,4.0
2025-10-03T16:00:00Z,Mexico City,57.1,89.2,0.1091,0.058,0.0061,0.99,32.8,44.6,3.2
2025-10-03T17:00:00Z,Toronto,42.4,55.3,0.0259,0.0404,0.0098,1.79,17.6,55.4,5.0
2025-10-03T17:00:00Z,New York,50.6,60.4,0.0571,0.0528,0.0097,1.46,26.1,63.9,3.5
2025-10-03T17:00:00Z,Los Angeles,59.3,73.0,0.0642,0.0612,0.0055,1.21,25.2,48.2,2.3
2025-10-03T17:00:00Z,Chicago,45.5,62.8,0.0503,0.0472,0.0093,1.47,26.8,65.5,3.5
2025-10-03T17:00:00Z,Mexico City,60.8,79.5,0.0794,0.0575,0.0069,1.24,25.2,50.1,3.7
2025-10-03T18:00:00Z,Toronto,42.4,66.1,0.0599,0.0509,0.0091,1.58,17.8,62.9,4.8
2025-10-03T18:00:00Z,New York,50.4,74.2,0.0381,0.05,0.0042,1.23,21.6,68.3,2.6
2025-10-03T18:00:00Z,Los Angeles,49.6,73.3,0.0594,0.0546,0.0092,1.27,21.1,56.4,3.6
2025-10-03T18:00:00Z,Chicago,39.8,68.8,0.0571,0.0415,0.0065,1.72,22.9,74.1,3.1
2025-10-03T18:00:00Z,Mexico City,61.6,87.6,0.0833,0.0551,0.0044,1.33,22.5,66.8,6.0
2025-10-03T19:00:00Z,Toronto,39.7,58.6,0.038,0.0518,0.0111,1.21,24.3,71.0,4.5
2025-10-03T19:00:00Z,New York,42.7,76.9,0.0628,0.0414,0.0114,1.61,19.0,53.0,5.6
2025-10-03T19:00:00Z,Los Angeles,48.7,61.1,0.0742,0.0599,0.01,1.43,24.1,59.8,3.0
2025-10-03T19:00:00Z,Chicago,44.5,50.2,0.0309,0.0535,0.0047,1.74,26.9,59.0,3.9
2025-10-03T19:00:00Z,Mexico City,61.5,80.0,0.1002,0.0637,0.0108,1.75,18.4,56.2,3.6
2025-10-03T20:00:00Z,Toronto,41.0,50.5,0.0606,0.0398,0.0094,1.35,20.7,73.0,5.4
2025-10-03T20:00:00Z,New York,50.9,74.8,0.0401,0.0475,0.0051,1.44,23.2,65.5,4.6
2025-10-03T20:00:00Z,Los Angeles,48.8,81.6,0.0884,0.046,0.0056,1.36,22.0,74.5,2.3
2025-10-03T20:00:00Z,Chicago,50.0,47.8,0.0273,0.0298,0.0051,0.95,20.3,56.2,2.4
2025-10-03T20:00:00Z,Mexico City,72.4,82.4,0.1037,0.0592,0.007,1.23,18.7,55.0,4.5
2025-10-03T21:00:00Z,Toronto,34.8,60.1,0.0566,0.0222,0.0047,1.24,19.1,69.7,2.1
2025-10-03T21:00:00Z,New York,53.0,63.5,0.0568,0.044,0.0117,0.95,23.6,62.4,2.9
2025-10-03T21:00:00Z,Los Angeles,49.3,83.0,0.0673,0.0451,0.0117,1.16,24.7,46.2,6.1
2025-10-03T21:00:00Z,Chicago,35.6,54.6,0.0295,0.0344,0.0084,0.89,17.6,46.7,3.6
2025-10-03T21:00:00Z,Mexico City,64.2,101.5,0.1088,0.0422,0.0047,0.93,18.5,61.2,4.0
2025-10-03T22:00:00Z,Toronto,43.1,48.4,0.0424,0.0261,0.0099,0.86,22.7,64.7,2.9
2025-10-03T22:00:00Z,New York,39.6,67.7,0.0586,0.0428,0.0066,1.08,24.5,47.2,4.9
2025-10-03T22:00:00Z,Los Angeles,54.4,80.4,0.079,0.0346,0.0107,0.89,22.5,45.1,3.6
2025-10-03T22:00:00Z,Chicago,43.6,53.0,0.0581,0.0439,0.0082,1.44,24.3,68.5,4.6
2025-10-03T22:00:00Z,Mexico City,62.1,83.7,0.1028,0.0518,0.0112,1.39,24.8,66.5,5.6
2025-10-03T23:00:00Z,Toronto,31.6,54.5,0.0514,0.0388,0.0051,1.43,18.6,48.5,2.4
2025-10-03T23:00:00Z,New York,40.2,60.2,0.0479,0.049,0.0067,1.16,17.9,70.5,5.3
2025-10-03T23:00:00Z,Los Angeles,46.2,72.8,0.0767,0.0403,0.0052,1.42,18.6,70.4,5.2
2025-10-03T23:00:00Z,Chicago,28.4,38.5,0.0553,0.0366,0.0071,1.11,23.4,72.5,3.1
2025-10-03T23:00:00Z,Mexico City,57.0,71.7,0.1015,0.0407,0.0042,0.89,23.1,56.6,3.6
